1;0;0;1;0;0;0;0;0;0;0;0
1;0;1;0.125;0.875;0;0;0;0;0;0;0
1;0;2;0;0.064516;0.77419;0.032258;0.032258;0.064516;0;0;0.032258
1;1;0;0;0;0;0.98864;0;0;0;0.011364;0
1;1;1;0;0;0;0.02;0.95;0;0;0.03;0
1;1;2;0;0;0;0.035714;0.071429;0.75;0;0.035714;0.10714
1;2;0;0;0;0;0;0;0;0.99862;0.0013784;0
1;2;1;0;0;0;0;0;0;0.28774;0.70755;0.004717
1;2;2;0;0;0;0;0;0;0.085366;0.19512;0.71951
2;0;0;1;0;0;0;0;0;0;0;0
2;0;1;0;1;0;0;0;0;0;0;0
2;0;2;0.041667;0.083333;0.79167;0;0.041667;0.041667;0;0;0
2;1;0;0;0;0;0.97802;0.021978;0;0;0;0
2;1;1;0;0;0;0.020408;0.95918;0;0.010204;0.010204;0
2;1;2;0;0;0;0;0.086957;0.82609;0;0;0.086957
2;2;0;0;0;0;0;0;0;0.99341;0.006592;0
2;2;1;0;0;0;0;0;0;0.24277;0.75145;0.0057803
2;2;2;0;0;0;0;0;0;0.0625;0.15625;0.78125
3;0;0;0.88889;0;0;0.11111;0;0;0;0;0
3;0;1;0.090909;0.72727;0;0.090909;0.090909;0;0;0;0
3;0;2;0;0.052632;0.84211;0;0;0.10526;0;0;0
3;1;0;0;0;0;1;0;0;0;0;0
3;1;1;0;0.010101;0;0.060606;0.87879;0;0.020202;0.020202;0.010101
3;1;2;0;0;0;0;0.1;0.8;0;0;0.1
3;2;0;0;0;0;0;0;0;0.99614;0.003861;0
3;2;1;0;0;0;0;0;0;0.29801;0.69536;0.0066225
3;2;2;0;0;0;0;0;0;0.056604;0.18868;0.75472
4;0;0;1;0;0;0;0;0;0;0;0
4;0;1;0;0.7;0.1;0;0.2;0;0;0;0
4;0;2;0;0.0625;0.75;0;0;0.125;0;0;0.0625
4;1;0;0;0;0;1;0;0;0;0;0
4;1;1;0;0;0;0.055556;0.9;0;0.011111;0.033333;0
4;1;2;0;0;0;0;0.055556;0.83333;0;0.11111;0
4;2;0;0;0;0;0;0;0;0.99687;0.0031289;0
4;2;1;0;0;0;0;0;0;0.26829;0.73171;0
4;2;2;0;0;0;0;0;0;0.045455;0.11364;0.84091
5;0;0;1;0;0;0;0;0;0;0;0
5;0;1;0.25;0.75;0;0;0;0;0;0;0
5;0;2;0;0;0.84615;0.076923;0;0;0;0;0.076923
5;1;0;0;0;0;0.98095;0.0095238;0;0;0.0095238;0
5;1;1;0;0;0;0.035714;0.91667;0.02381;0;0.02381;0
5;1;2;0;0;0;0;0.17647;0.76471;0;0;0.058824
5;2;0;0;0;0;0;0;0;0.99754;0.0024555;0
5;2;1;0;0;0;0;0.0095238;0;0.22857;0.7619;0
5;2;2;0;0;0;0;0;0;0.15789;0.10526;0.73684
6;0;0;1;0;0;0;0;0;0;0;0
6;0;1;0.16667;0.83333;0;0;0;0;0;0;0
6;0;2;0;0;0.72727;0;0.090909;0.090909;0;0;0.090909
6;1;0;0;0;0;0.97196;0.028037;0;0;0;0
6;1;1;0;0;0;0.10976;0.86585;0.012195;0;0.012195;0
6;1;2;0;0;0;0;0.46667;0.46667;0;0;0.066667
6;2;0;0;0;0;0;0;0;0.99215;0.0072508;0.00060423
6;2;1;0;0;0;0;0;0;0.41758;0.57143;0.010989
6;2;2;0;0;0;0;0;0;0.16667;0.33333;0.5
7;0;0;1;0;0;0;0;0;0;0;0
7;0;1;0;1;0;0;0;0;0;0;0
7;0;2;0;0.125;0.625;0.125;0;0.125;0;0;0
7;1;0;0;0;0;1;0;0;0;0;0
7;1;1;0;0;0;0.02439;0.97561;0;0;0;0
7;1;2;0;0;0;0;0.22222;0.77778;0;0;0
7;2;0;0;0;0;0;0;0;0.99763;0.0011869;0.0011869
7;2;1;0;0;0;0;0;0;0.25333;0.73333;0.013333
7;2;2;0;0;0;0;0;0;0;0.15789;0.84211
8;0;0;1;0;0;0;0;0;0;0;0
8;0;1;0;1;0;0;0;0;0;0;0
8;0;2;0;0;1;0;0;0;0;0;0
8;1;0;0;0;0;0.99138;0.0086207;0;0;0;0
8;1;1;0;0;0;0.02439;0.96341;0;0;0.012195;0
8;1;2;0;0;0;0;0.125;0.875;0;0;0
8;2;0;0;0;0;0;0;0;0.99706;0.0029412;0
8;2;1;0;0;0;0;0;0;0.15;0.83333;0.016667
8;2;2;0;0;0;0;0;0;0.10526;0.21053;0.68421
9;0;0;1;0;0;0;0;0;0;0;0
9;0;1;0.33333;0.66667;0;0;0;0;0;0;0
9;0;2;0;0;1;0;0;0;0;0;0
9;1;0;0;0;0;1;0;0;0;0;0
9;1;1;0;0;0;0.012346;0.95062;0;0.024691;0.012346;0
9;1;2;0;0;0;0;0.28571;0.71429;0;0;0
9;2;0;0;0;0;0;0;0;0.99941;0.00058617;0
9;2;1;0;0;0;0;0;0;0.23333;0.76667;0
9;2;2;0;0;0;0;0;0;0;0;1
10;0;0;1;0;0;0;0;0;0;0;0
10;0;1;0.25;0.5;0;0.25;0;0;0;0;0
10;0;2;0;0.4;0.6;0;0;0;0;0;0
10;1;0;0;0;0;0.98305;0;0;0.016949;0;0
10;1;1;0;0;0;0.025316;0.96203;0;0;0.012658;0
10;1;2;0;0;0;0;0.2;0.8;0;0;0
10;2;0;0;0;0;0;0;0;0.99593;0.0040674;0
10;2;1;0;0;0;0;0;0;0.10417;0.89583;0
10;2;2;0;0;0;0;0;0;0.14286;0.071429;0.78571
11;0;0;1;0;0;0;0;0;0;0;0
11;0;1;0;0.75;0;0;0.25;0;0;0;0
11;0;2;0;0;1;0;0;0;0;0;0
11;1;0;0;0;0;0.9916;0.0084034;0;0;0;0
11;1;1;0;0;0;0;0.97403;0;0;0.025974;0
11;1;2;0;0;0;0;0.25;0.5;0;0;0.25
11;2;0;0;0;0;0;0;0;0.9971;0.0023215;0.00058038
11;2;1;0;0;0;0;0;0;0.28846;0.69231;0.019231
11;2;2;0;0;0;0;0;0;0.090909;0;0.90909
12;0;0;1;0;0;0;0;0;0;0;0
12;0;1;0;1;0;0;0;0;0;0;0
12;0;2;0;0;1;0;0;0;0;0;0
12;1;0;0;0;0;0.97458;0.025424;0;0;0;0
12;1;1;0;0.012821;0;0.051282;0.89744;0;0;0.038462;0
12;1;2;0;0;0;0;0.5;0.5;0;0;0
12;2;0;0;0;0;0;0;0;0.99366;0.005767;0.0005767
12;2;1;0;0;0;0;0;0;0.33333;0.66667;0
12;2;2;0;0;0;0;0;0;0.38462;0;0.61538
13;0;0;1;0;0;0;0;0;0;0;0
13;0;1;0;1;0;0;0;0;0;0;0
13;0;2;0;0;1;0;0;0;0;0;0
13;1;0;0;0;0;1;0;0;0;0;0
13;1;1;0;0;0;0.040541;0.95946;0;0;0;0
13;1;2;0;0;0;0;0;1;0;0;0
13;2;0;0;0;0;0;0;0;0.9977;0.0017222;0.00057405
13;2;1;0;0;0;0;0;0;0.2439;0.7561;0
13;2;2;0;0;0;0;0;0;0;0;1
14;0;0;1;0;0;0;0;0;0;0;0
14;0;1;0.25;0.75;0;0;0;0;0;0;0
14;0;2;0;0;1;0;0;0;0;0;0
14;1;0;0;0;0;0.9918;0.0081967;0;0;0;0
14;1;1;0;0;0;0;0.98592;0;0.014085;0;0
14;1;2;0;0;0;0;0;1;0;0;0
14;2;0;0;0;0;0;0;0;0.99542;0.0040046;0.00057208
14;2;1;0;0;0;0;0;0;0.14706;0.85294;0
14;2;2;0;0;0;0;0;0;0;0.1;0.9
15;0;0;1;0;0;0;0;0;0;0;0
15;0;1;0;1;0;0;0;0;0;0;0
15;0;2;0;0;1;0;0;0;0;0;0
15;1;0;0;0;0;1;0;0;0;0;0
15;1;1;0;0;0;0.042254;0.90141;0.014085;0.014085;0.028169;0
15;1;2;0;0;0;0;0;1;0;0;0
15;2;0;0;0;0;0;0;0;0.99542;0.0040092;0.00057274
15;2;1;0;0;0;0;0;0;0.27027;0.72973;0
15;2;2;0;0;0;0;0;0;0;0.1;0.9
16;0;0;1;0;0;0;0;0;0;0;0
16;0;1;0;1;0;0;0;0;0;0;0
16;0;2;0;0;1;0;0;0;0;0;0
16;1;0;0;0;0;1;0;0;0;0;0
16;1;1;0;0;0;0.015625;0.95313;0;0.03125;0;0
16;1;2;0;0;0;0;0;1;0;0;0
16;2;0;0;0;0;0;0;0;0.99657;0.0034305;0
16;2;1;0;0;0;0;0;0;0.27027;0.7027;0.027027
16;2;2;0;0;0;0;0;0;0;0.2;0.8
17;0;0;1;0;0;0;0;0;0;0;0
17;0;1;0;1;0;0;0;0;0;0;0
17;0;2;0;0;1;0;0;0;0;0;0
17;1;0;0;0;0;0.96;0.04;0;0;0;0
17;1;1;0;0;0;0;0.98361;0;0;0.016393;0
17;1;2;0;0;0;0;0.5;0.5;0;0;0
17;2;0;0;0;0;0;0;0;0.99658;0.0034188;0
17;2;1;0;0;0;0;0;0;0.26471;0.73529;0
17;2;2;0;0;0;0;0;0;0.11111;0.11111;0.77778
18;0;0;0.95833;0;0;0;0.041667;0;0;0;0
18;0;1;0;1;0;0;0;0;0;0;0
18;0;2;0;0;1;0;0;0;0;0;0
18;1;0;0;0;0;0.98333;0.0083333;0;0;0.0083333;0
18;1;1;0;0;0;0.030303;0.95455;0;0;0.015152;0
18;1;2;0;0;0;0;0;1;0;0;0
18;2;0;0;0;0;0;0;0;0.99488;0.0051165;0
18;2;1;0;0;0;0;0;0;0.30303;0.69697;0
18;2;2;0;0;0;0;0;0;0;0.14286;0.85714
19;0;0;1;0;0;0;0;0;0;0;0
19;0;1;0;1;0;0;0;0;0;0;0
19;0;2;0;0;1;0;0;0;0;0;0
19;1;0;0;0;0;1;0;0;0;0;0
19;1;1;0;0;0;0.046154;0.93846;0;0.015385;0;0
19;1;2;0;0;0;0;0;1;0;0;0
19;2;0;0;0;0;0;0;0;0.99375;0.00625;0
19;2;1;0;0;0;0;0.028571;0;0.25714;0.71429;0
19;2;2;0;0;0;0;0;0;0;0.16667;0.83333
20;0;0;1;0;0;0;0;0;0;0;0
20;0;1;0;1;0;0;0;0;0;0;0
20;0;2;0;0.33333;0.66667;0;0;0;0;0;0
20;1;0;0;0;0;0.99187;0.0081301;0;0;0;0
20;1;1;0;0;0;0.016129;0.95161;0;0.016129;0;0.016129
20;1;2;0;0;0;0;0;1;0;0;0
20;2;0;0;0;0;0;0;0;0.99431;0.005685;0
20;2;1;0;0;0;0;0;0;0.27027;0.67568;0.054054
20;2;2;0;0;0;0;0;0;0.2;0;0.8
21;0;0;1;0;0;0;0;0;0;0;0
21;0;1;0;0.75;0;0;0.25;0;0;0;0
21;0;2;0;0;1;0;0;0;0;0;0
21;1;0;0;0;0;1;0;0;0;0;0
21;1;1;0;0;0;0.033333;0.91667;0;0.016667;0.033333;0
21;1;2;0;0;0;0;0;1;0;0;0
21;2;0;0;0;0;0;0;0;0.99716;0.0028393;0
21;2;1;0;0;0;0;0;0;0.34286;0.65714;0
21;2;2;0;0;0;0;0;0;0.14286;0.14286;0.71429
22;0;0;1;0;0;0;0;0;0;0;0
22;0;1;0;0.66667;0;0;0.33333;0;0;0;0
22;0;2;0;0;1;0;0;0;0;0;0
22;1;0;0;0;0;0.984;0.016;0;0;0;0
22;1;1;0;0;0;0.035714;0.92857;0.017857;0;0.017857;0
22;1;2;0;0;0;0;0;1;0;0;0
22;2;0;0;0;0;0;0;0;0.99379;0.0056497;0.00056497
22;2;1;0;0;0;0;0;0;0.096774;0.90323;0
22;2;2;0;0;0;0;0;0;0;0.2;0.8
23;0;0;1;0;0;0;0;0;0;0;0
23;0;1;0;1;0;0;0;0;0;0;0
23;0;2;0;0;1;0;0;0;0;0;0
23;1;0;0;0;0;0.976;0.024;0;0;0;0
23;1;1;0;0;0;0.036364;0.94545;0;0;0.018182;0
23;1;2;0;0;0.5;0;0;0.5;0;0;0
23;2;0;0;0;0;0;0;0;0.99432;0.0045403;0.0011351
23;2;1;0;0;0;0;0.05;0;0.325;0.6;0.025
23;2;2;0;0;0;0;0;0;0;0;1
24;0;0;1;0;0;0;0;0;0;0;0
24;0;1;0;1;0;0;0;0;0;0;0
24;0;2;0;0;1;0;0;0;0;0;0
24;1;0;0;0;0;0.976;0.024;0;0;0;0
24;1;1;0;0;0;0.036364;0.94545;0;0;0.018182;0
24;1;2;0;0;0.5;0;0;0.5;0;0;0
24;2;0;0;0;0;0;0;0;0.99432;0.0045403;0.0011351
24;2;1;0;0;0;0;0.05;0;0.325;0.6;0.025
24;2;2;0;0;0;0;0;0;0;0;1
25;0;0;1;0;0;0;0;0;0;0;0
25;0;1;0;1;0;0;0;0;0;0;0
25;0;2;0;0;1;0;0;0;0;0;0
25;1;0;0;0;0;0.9902;0.0098039;0;0;0;0
25;1;1;0;0;0;0;0.95455;0;0.022727;0.022727;0
25;1;2;0;0;0;0;0;1;0;0;0
25;2;0;0;0;0;0;0;0;0.99444;0.0055648;0
25;2;1;0;0;0;0;0.055556;0;0.13889;0.80556;0
25;2;2;0;0;0;0;0;0;0;0;1
26;0;0;1;0;0;0;0;0;0;0;0
26;0;1;0;1;0;0;0;0;0;0;0
26;0;2;0;0;1;0;0;0;0;0;0
26;1;0;0;0;0;1;0;0;0;0;0
26;1;1;0;0;0;0.022222;0.97778;0;0;0;0
26;1;2;0;0;0;0;1;0;0;0;0
26;2;0;0;0;0;0;0.00055772;0;0.99052;0.0089236;0
26;2;1;0;0;0;0;0.05;0;0.2;0.7;0.05
26;2;2;0;0;0;0;0;0;0;0;1
27;0;0;0.96667;0.033333;0;0;0;0;0;0;0
27;0;1;0;1;0;0;0;0;0;0;0
27;0;2;0;0;1;0;0;0;0;0;0
27;1;0;0;0;0;0.9902;0.0098039;0;0;0;0
27;1;1;0;0;0;0;1;0;0;0;0
27;1;2;0;0;0;0;0;0;0;0;0
27;2;0;0;0;0;0;0;0;0.98879;0.0095291;0.0016816
27;2;1;0;0;0;0;0.090909;0;0.27273;0.61364;0.022727
27;2;2;0;0;0;0;0;0.25;0;0.25;0.5
28;0;0;1;0;0;0;0;0;0;0;0
28;0;1;0.5;0.5;0;0;0;0;0;0;0
28;0;2;0;0;1;0;0;0;0;0;0
28;1;0;0;0;0;0.9901;0.009901;0;0;0;0
28;1;1;0;0;0;0;1;0;0;0;0
28;1;2;0;0;1;0;0;0;0;0;0
28;2;0;0;0;0;0;0;0;0.99099;0.0084459;0.00056306
28;2;1;0;0;0;0;0.066667;0.022222;0.11111;0.8;0
28;2;2;0;0;0;0;0;0;0.16667;0.16667;0.66667
29;0;0;1;0;0;0;0;0;0;0;0
29;0;1;0;1;0;0;0;0;0;0;0
29;0;2;0;0;1;0;0;0;0;0;0
29;1;0;0;0;0;0.98;0.02;0;0;0;0
29;1;1;0;0;0;0;1;0;0;0;0
29;1;2;0;0;0;0;1;0;0;0;0
29;2;0;0;0;0;0;0.0011325;0;0.98301;0.015289;0.00056625
29;2;1;0;0;0;0;0.076923;0;0.13462;0.75;0.038462
29;2;2;0;0;0;0;0;0;0.4;0.2;0.4
30;0;0;0.96667;0.033333;0;0;0;0;0;0;0
30;0;1;0;1;0;0;0;0;0;0;0
30;0;2;0;0;1;0;0;0;0;0;0
30;1;0;0;0;0;0.97959;0.020408;0;0;0;0
30;1;1;0;0.015152;0;0;0.92424;0.045455;0;0.015152;0
30;1;2;0;0;0;0;0;0;0;0;0
30;2;0;0;0;0;0;0;0;0.96734;0.032092;0.00057307
30;2;1;0;0;0;0;0.074627;0;0.1791;0.67164;0.074627
30;2;2;0;0;0.2;0;0;0;0;0.2;0.6
31;0;0;0.96552;0.034483;0;0;0;0;0;0;0
31;0;1;0.33333;0.66667;0;0;0;0;0;0;0
31;0;2;0;0;1;0;0;0;0;0;0
31;1;0;0;0;0;0.97917;0.020833;0;0;0;0
31;1;1;0;0.014706;0;0.014706;0.94118;0.014706;0;0.014706;0
31;1;2;0;0;0;0;0;1;0;0;0
31;2;0;0;0;0;0;0;0;0.98706;0.012353;0.00058824
31;2;1;0;0;0;0;0.029126;0;0.1165;0.75728;0.097087
31;2;2;0;0;0;0;0;0.11111;0;0.11111;0.77778
32;0;0;1;0;0;0;0;0;0;0;0
32;0;1;0.25;0.5;0;0;0.25;0;0;0;0
32;0;2;0;0;1;0;0;0;0;0;0
32;1;0;0;0;0;0.98947;0;0;0;0.010526;0
32;1;1;0;0;0;0.043478;0.94203;0;0;0.014493;0
32;1;2;0;0;0;0;0;1;0;0;0
32;2;0;0;0;0;0;0;0;0.98047;0.018935;0.00059172
32;2;1;0;0;0;0;0.13861;0;0.079208;0.76238;0.019802
32;2;2;0;0;0;0;0;0.055556;0.055556;0.055556;0.83333
33;0;0;1;0;0;0;0;0;0;0;0
33;0;1;0;1;0;0;0;0;0;0;0
33;0;2;0;0;1;0;0;0;0;0;0
33;1;0;0;0;0;0.94845;0.051546;0;0;0;0
33;1;1;0;0.0125;0;0;0.9625;0.025;0;0;0
33;1;2;0;0;0.16667;0;0.16667;0.66667;0;0;0
33;2;0;0;0;0;0;0;0;0.97719;0.021008;0.0018007
33;2;1;0;0;0;0;0.16964;0.0089286;0.11607;0.64286;0.0625
33;2;2;0;0;0.055556;0;0;0.22222;0;0.11111;0.61111
34;0;0;1;0;0;0;0;0;0;0;0
34;0;1;0;0.66667;0.33333;0;0;0;0;0;0
34;0;2;0;0;1;0;0;0;0;0;0
34;1;0;0;0;0;0.96739;0.032609;0;0;0;0
34;1;1;0;0.0098039;0;0.0098039;0.96078;0.0098039;0;0.0098039;0
34;1;2;0;0;0.18182;0;0;0.81818;0;0;0
34;2;0;0;0;0;0;0;0;0.98233;0.017063;0.00060938
34;2;1;0;0;0;0;0.10092;0;0.12844;0.73394;0.036697
34;2;2;0;0;0;0;0;0.095238;0;0.19048;0.71429
35;0;0;0.96667;0.033333;0;0;0;0;0;0;0
35;0;1;0;1;0;0;0;0;0;0;0
35;0;2;0;0.1;0.9;0;0;0;0;0;0
35;1;0;0;0;0;0.97778;0.022222;0;0;0;0
35;1;1;0;0;0;0;0.97321;0.026786;0;0;0
35;1;2;0;0;0.25;0;0.083333;0.58333;0;0;0.083333
35;2;0;0;0;0;0;0;0;0.95941;0.038745;0.001845
35;2;1;0;0;0;0.0088496;0.097345;0.017699;0.079646;0.73451;0.061947
35;2;2;0;0;0;0;0;0.05;0;0.05;0.9
36;0;0;0.93103;0;0.068966;0;0;0;0;0;0
36;0;1;0;0.8;0.2;0;0;0;0;0;0
36;0;2;0;0;0.91667;0;0;0.083333;0;0;0
36;1;0;0;0;0;0.95506;0.044944;0;0;0;0
36;1;1;0;0;0;0;0.91057;0.065041;0;0.01626;0.0081301
36;1;2;0;0;0.076923;0;0.076923;0.84615;0;0;0
36;2;0;0;0;0;0;0;0;0.92352;0.068834;0.0076482
36;2;1;0;0;0;0;0.061224;0;0.081633;0.7483;0.10884
36;2;2;0;0;0;0;0;0.13793;0;0.034483;0.82759
37;0;0;1;0;0;0;0;0;0;0;0
37;0;1;0;1;0;0;0;0;0;0;0
37;0;2;0;0;1;0;0;0;0;0;0
37;1;0;0;0;0;0.95294;0.047059;0;0;0;0
37;1;1;0;0.0079365;0;0.0079365;0.96032;0.02381;0;0;0
37;1;2;0;0;0;0;0;1;0;0;0
37;2;0;0;0;0;0;0;0;0.94867;0.047912;0.0034223
37;2;1;0;0;0;0;0.036199;0.0090498;0.067873;0.79638;0.090498
37;2;2;0;0;0.018868;0;0;0.056604;0;0.09434;0.83019
38;0;0;0.96296;0.037037;0;0;0;0;0;0;0
38;0;1;0;0.8;0.2;0;0;0;0;0;0
38;0;2;0;0;0.9375;0;0;0.0625;0;0;0
38;1;0;0;0;0;0.90244;0.085366;0;0;0.012195;0
38;1;1;0;0.015038;0;0.0075188;0.91729;0.045113;0.0075188;0.0075188;0
38;1;2;0;0;0.03125;0;0.03125;0.90625;0;0;0.03125
38;2;0;0;0;0;0;0;0;0.94718;0.046395;0.006424
38;2;1;0;0;0;0;0.075697;0.0079681;0.043825;0.76892;0.10359
38;2;2;0;0;0;0;0;0.2029;0.014493;0.043478;0.73913
39;0;0;0.92308;0.076923;0;0;0;0;0;0;0
39;0;1;0.14286;0.85714;0;0;0;0;0;0;0
39;0;2;0;0;0.88235;0;0;0.058824;0;0;0.058824
39;1;0;0;0;0;0.85333;0.14667;0;0;0;0
39;1;1;0;0;0;0;0.87248;0.10067;0;0.026846;0
39;1;2;0;0;0.11538;0;0.019231;0.86538;0;0;0
39;2;0;0;0;0;0;0;0;0.89627;0.08806;0.015672
39;2;1;0;0;0;0;0.072243;0.019011;0.030418;0.71103;0.1673
39;2;2;0;0;0.045977;0;0;0.12644;0;0.011494;0.81609
40;0;0;0.96;0.04;0;0;0;0;0;0;0
40;0;1;0;1;0;0;0;0;0;0;0
40;0;2;0;0;1;0;0;0;0;0;0
40;1;0;0;0;0;0.9375;0.0625;0;0;0;0
40;1;1;0;0;0;0;0.93789;0.055901;0;0.0062112;0
40;1;2;0;0;0.077922;0;0.012987;0.88312;0;0;0.025974
40;2;0;0;0;0;0;0;0;0.92721;0.064516;0.0082713
40;2;1;0;0;0;0;0.090323;0.0096774;0.025806;0.79032;0.083871
40;2;2;0;0;0.021898;0;0;0.094891;0.014599;0.036496;0.83212
41;0;0;0.95833;0.041667;0;0;0;0;0;0;0
41;0;1;0;0.77778;0.22222;0;0;0;0;0;0
41;0;2;0;0;1;0;0;0;0;0;0
41;1;0;0;0;0;0.93333;0.066667;0;0;0;0
41;1;1;0.0054348;0;0;0.01087;0.8587;0.1087;0;0.016304;0
41;1;2;0;0;0.096774;0;0.021505;0.84946;0;0;0.032258
41;2;0;0;0;0;0;0;0;0.90716;0.076923;0.015915
41;2;1;0;0;0;0;0.10334;0.006079;0.021277;0.78116;0.088146
41;2;2;0;0;0.026316;0;0.0065789;0.125;0;0.026316;0.81579
42;0;0;0.875;0.125;0;0;0;0;0;0;0
42;0;1;0.25;0.625;0;0;0.125;0;0;0;0
42;0;2;0;0;0.93878;0;0;0.061224;0;0;0
42;1;0;0;0;0;0.74138;0.18966;0.051724;0;0;0.017241
42;1;1;0;0.0050251;0.0050251;0.01005;0.74372;0.17085;0;0.050251;0.015075
42;1;2;0;0;0.10833;0;0.025;0.83333;0;0;0.033333
42;2;0;0;0;0;0;0;0;0.69894;0.22846;0.072604
42;2;1;0;0;0;0;0.079772;0.022792;0.022792;0.60684;0.26781
42;2;2;0;0;0.028736;0;0.011494;0.2069;0;0.017241;0.73563
43;0;0;0.86957;0.13043;0;0;0;0;0;0;0
43;0;1;0;0.88889;0.11111;0;0;0;0;0;0
43;0;2;0;0;0.96923;0;0;0.015385;0;0;0.015385
43;1;0;0;0;0;0.93333;0.066667;0;0;0;0
43;1;1;0;0.0051813;0;0.0051813;0.87047;0.093264;0.0051813;0.015544;0.0051813
43;1;2;0;0;0.10326;0;0.016304;0.83696;0;0;0.043478
43;2;0;0;0;0;0;0;0;0.86849;0.11781;0.013699
43;2;1;0;0;0;0;0.032468;0.008658;0.028139;0.79654;0.1342
43;2;2;0;0;0.013115;0;0;0.081967;0;0.019672;0.88525
44;0;0;0.85;0.1;0.05;0;0;0;0;0;0
44;0;1;0;0.58333;0.41667;0;0;0;0;0;0
44;0;2;0.011494;0.011494;0.94253;0;0;0.034483;0;0;0
44;1;0;0;0;0;0.81395;0.11628;0.069767;0;0;0
44;1;1;0;0.005291;0;0.010582;0.82011;0.14815;0;0.015873;0
44;1;2;0;0;0.074257;0;0.019802;0.89604;0;0;0.009901
44;2;0;0;0;0;0;0;0;0.83642;0.14198;0.021605
44;2;1;0;0;0;0;0.082073;0.0086393;0.017279;0.73866;0.15335
44;2;2;0;0;0.019886;0;0;0.09375;0;0.017045;0.86932
45;0;0;0.83333;0.11111;0.055556;0;0;0;0;0;0
45;0;1;0.090909;0.45455;0.45455;0;0;0;0;0;0
45;0;2;0;0;0.96364;0;0;0.027273;0;0;0.0090909
45;1;0;0;0;0;0.7027;0.27027;0;0;0;0.027027
45;1;1;0;0.0049505;0.0049505;0;0.82178;0.15347;0;0.014851;0
45;1;2;0;0.0039683;0.09127;0;0.011905;0.86111;0;0;0.031746
45;2;0;0;0;0;0;0;0;0.78;0.16727;0.052727
45;2;1;0;0;0;0;0.065463;0.015801;0.018059;0.68623;0.21445
45;2;2;0;0;0.033079;0;0.0025445;0.13486;0;0.017812;0.8117
46;0;0;1;0;0;0;0;0;0;0;0
46;0;1;0;0.66667;0.22222;0;0;0.11111;0;0;0
46;0;2;0;0;0.98658;0;0;0.013423;0;0;0
46;1;0;0;0;0;0.76923;0.19231;0;0;0.038462;0
46;1;1;0;0.0095694;0;0;0.85167;0.11962;0;0.014354;0.0047847
46;1;2;0;0;0.11576;0;0.0064309;0.84566;0;0;0.032154
46;2;0;0;0;0;0;0;0;0.82838;0.14645;0.025172
46;2;1;0;0;0;0;0.066502;0.012315;0.017241;0.7734;0.13054
46;2;2;0;0;0.030905;0;0.0022075;0.092715;0;0.030905;0.84327
47;0;0;0.8125;0.125;0.0625;0;0;0;0;0;0
47;0;1;0;0.875;0;0;0.125;0;0;0;0
47;0;2;0;0.0050251;0.95477;0;0;0.040201;0;0;0
47;1;0;0;0;0;0.55;0.35;0.1;0;0;0
47;1;1;0;0.014085;0;0.0046948;0.81221;0.14554;0;0.018779;0.0046948
47;1;2;0;0;0.073964;0;0.014793;0.89941;0;0;0.011834
47;2;0;0;0;0;0;0;0;0.80217;0.14905;0.04878
47;2;1;0;0;0;0;0.068182;0.022727;0.012626;0.68939;0.20707
47;2;2;0;0;0.02407;0;0.0021882;0.13567;0;0.015317;0.82276
48;0;0;0.92308;0;0.076923;0;0;0;0;0;0
48;0;1;0;0.84615;0.15385;0;0;0;0;0;0
48;0;2;0;0.0044053;0.96916;0;0;0.026432;0;0;0
48;1;0;0;0;0;0.83333;0.083333;0;0;0.083333;0
48;1;1;0;0.0046729;0.0046729;0;0.7243;0.25234;0;0.014019;0
48;1;2;0;0;0.13221;0;0.016827;0.82452;0;0;0.026442
48;2;0;0;0;0;0;0.0033223;0;0.66445;0.25249;0.079734
48;2;1;0;0;0;0;0.056047;0.023599;0.014749;0.63127;0.27434
48;2;2;0;0;0.024948;0;0.004158;0.10603;0;0.018711;0.84615
49;0;0;1;0;0;0;0;0;0;0;0
49;0;1;0;0.92308;0.076923;0;0;0;0;0;0
49;0;2;0;0.0034364;0.97938;0;0;0.013746;0;0;0.0034364
49;1;0;0;0;0;1;0;0;0;0;0
49;1;1;0;0;0;0;0.87568;0.091892;0;0.032432;0
49;1;2;0;0;0.08658;0;0.004329;0.88745;0;0;0.021645
49;2;0;0;0;0;0;0;0;0.8;0.16585;0.034146
49;2;1;0;0;0;0;0.033003;0.013201;0.009901;0.70957;0.23432
49;2;2;0;0;0.020561;0;0.0018692;0.1215;0;0.020561;0.83551
50;0;0;1;0;0;0;0;0;0;0;0
50;0;1;0;0.76923;0.23077;0;0;0;0;0;0
50;0;2;0;0;0.98813;0;0;0.011869;0;0;0
50;1;0;0;0;0;0.8;0.2;0;0;0;0
50;1;1;0;0.0057143;0.0057143;0;0.90286;0.062857;0;0.011429;0.011429
50;1;2;0;0;0.1;0;0.006;0.878;0;0.002;0.014
50;2;0;0;0;0;0;0;0;0.81437;0.15569;0.02994
50;2;1;0;0;0;0;0.082707;0.0075188;0.0075188;0.72932;0.17293
50;2;2;0;0;0.033582;0;0.005597;0.089552;0;0.0074627;0.86381
51;0;0;0.75;0.16667;0.083333;0;0;0;0;0;0
51;0;1;0;1;0;0;0;0;0;0;0
51;0;2;0;0;0.96543;0;0;0.02963;0;0;0.0049383
51;1;0;0;0;0;0.875;0.125;0;0;0;0
51;1;1;0;0.010638;0.0053191;0;0.77128;0.18617;0;0.021277;0.0053191
51;1;2;0;0.0019841;0.16071;0;0.0079365;0.80754;0;0;0.021825
51;2;0;0;0;0;0;0.0072464;0;0.74638;0.17391;0.072464
51;2;1;0;0;0;0;0.070485;0.013216;0.0044053;0.69604;0.21586
51;2;2;0;0;0.021033;0;0.0038241;0.1262;0;0.0095602;0.83939
52;0;0;0.88889;0;0.11111;0;0;0;0;0;0
52;0;1;0;0.8125;0.1875;0;0;0;0;0;0
52;0;2;0;0.0020619;0.98557;0;0;0.010309;0;0;0.0020619
52;1;0;0;0;0;1;0;0;0;0;0
52;1;1;0;0.011834;0;0;0.87574;0.10059;0;0.011834;0
52;1;2;0;0;0.14532;0;0.001912;0.82983;0;0;0.022945
52;2;0;0;0;0;0;0;0;0.86538;0.125;0.0096154
52;2;1;0;0;0;0;0.068063;0.0052356;0.0052356;0.76963;0.15183
52;2;2;0;0;0.041016;0;0;0.09375;0;0.019531;0.8457
53;0;0;0.875;0.125;0;0;0;0;0;0;0
53;0;1;0;0.8125;0.1875;0;0;0;0;0;0
53;0;2;0.0017271;0.0051813;0.97755;0;0;0.01209;0;0;0.0034542
53;1;0;0;0;0;1;0;0;0;0;0
53;1;1;0;0.012346;0;0;0.84568;0.11111;0;0.018519;0.012346
53;1;2;0;0;0.16436;0;0.0019802;0.80594;0;0;0.027723
53;2;0;0;0;0.010989;0;0;0;0.82418;0.13187;0.032967
53;2;1;0;0;0;0;0.052326;0.02907;0.005814;0.68023;0.23256
53;2;2;0;0;0.02521;0;0;0.11134;0.0021008;0.016807;0.84454
54;0;0;0.875;0;0.125;0;0;0;0;0;0
54;0;1;0;0.63158;0.31579;0;0;0.052632;0;0;0
54;0;2;0.0015038;0;0.9594;0;0;0.039098;0;0;0
54;1;0;0;0;0;0.57143;0.14286;0.28571;0;0;0
54;1;1;0;0;0;0;0.78912;0.17687;0;0.020408;0.013605
54;1;2;0;0;0.079592;0;0.010204;0.8898;0;0;0.020408
54;2;0;0;0;0;0;0;0;0.68831;0.23377;0.077922
54;2;1;0;0.0071429;0;0;0.028571;0.028571;0.014286;0.7;0.22143
54;2;2;0;0;0.021598;0;0.0064795;0.086393;0;0.012959;0.87257
55;0;0;0.875;0;0;0;0.125;0;0;0;0
55;0;1;0;1;0;0;0;0;0;0;0
55;0;2;0.0028818;0.0028818;0.95821;0;0;0.036023;0;0;0
55;1;0;0;0;0;1;0;0;0;0;0
55;1;1;0;0;0.0077519;0.0077519;0.82946;0.10078;0;0.03876;0.015504
55;1;2;0;0;0.052336;0;0.011215;0.89907;0;0;0.037383
55;2;0;0;0;0;0;0;0;0.81818;0.10909;0.072727
55;2;1;0;0;0.008;0;0;0.024;0;0.816;0.152
55;2;2;0;0;0.013245;0;0.004415;0.07064;0;0.01766;0.89404
56;0;0;1;0;0;0;0;0;0;0;0
56;0;1;0;0.86667;0.066667;0;0.066667;0;0;0;0
56;0;2;0.0014265;0;0.96862;0;0;0.028531;0;0;0.0014265
56;1;0;0;0;0;0.6;0.4;0;0;0;0
56;1;1;0;0;0;0.0086207;0.87931;0.094828;0;0.017241;0
56;1;2;0;0;0.075812;0;0.0036101;0.89892;0;0;0.021661
56;2;0;0;0;0;0;0;0;0.84444;0.15556;0
56;2;1;0;0;0;0;0.07438;0.0082645;0.0082645;0.80165;0.10744
56;2;2;0;0;0.017778;0;0.0022222;0.066667;0;0.017778;0.89556
57;0;0;0.8;0.1;0.1;0;0;0;0;0;0
57;0;1;0;0.76923;0.076923;0;0;0.15385;0;0;0
57;0;2;0.0013699;0.0027397;0.95616;0;0;0.039726;0;0;0
57;1;0;0;0;0;0.25;0.75;0;0;0;0
57;1;1;0;0.008547;0;0;0.88889;0.094017;0;0.008547;0
57;1;2;0;0.0017857;0.071429;0;0.014286;0.89286;0;0;0.019643
57;2;0;0;0;0;0;0;0;0.74359;0.20513;0.051282
57;2;1;0;0;0.0087719;0;0.035088;0.017544;0.017544;0.76316;0.15789
57;2;2;0;0;0.039627;0;0;0.090909;0;0.020979;0.84848
58;0;0;0.77778;0;0.22222;0;0;0;0;0;0
58;0;1;0;0.73333;0.2;0;0.066667;0;0;0;0
58;0;2;0;0.0013193;0.97889;0;0;0.01715;0;0;0.0026385
58;1;0;0;0;0;1;0;0;0;0;0
58;1;1;0;0;0.016807;0;0.88235;0.084034;0;0.0084034;0.0084034
58;1;2;0;0;0.066895;0;0.0068611;0.89365;0;0.0034305;0.02916
58;2;0;0;0;0;0;0;0;0.93548;0.064516;0
58;2;1;0;0;0.0095238;0;0.057143;0.0095238;0.019048;0.8;0.10476
58;2;2;0;0;0.01519;0;0;0.075949;0.0025316;0.01519;0.89114
59;0;0;1;0;0;0;0;0;0;0;0
59;0;1;0;1;0;0;0;0;0;0;0
59;0;2;0;0.0037736;0.97484;0;0;0.018868;0;0;0.0025157
59;1;0;0;0;0;1;0;0;0;0;0
59;1;1;0;0;0;0;0.91379;0.060345;0;0.017241;0.0086207
59;1;2;0;0;0.064348;0;0.012174;0.90087;0;0;0.022609
59;2;0;0;0;0;0;0.03125;0;0.8125;0.15625;0
59;2;1;0;0;0;0;0.042105;0.010526;0.010526;0.76842;0.16842
59;2;2;0;0;0.031332;0;0.002611;0.073107;0;0.013055;0.8799
60;0;0;0.28571;0.42857;0.28571;0;0;0;0;0;0
60;0;1;0;0.6;0.2;0;0.066667;0.13333;0;0;0
60;0;2;0;0.0012136;0.97694;0;0;0.020631;0;0;0.0012136
60;1;0;0;0;0;0;0;1;0;0;0
60;1;1;0;0.0084034;0.02521;0;0.59664;0.32773;0;0.0084034;0.033613
60;1;2;0;0.0035149;0.10545;0;0.02109;0.81371;0;0.0052724;0.050967
60;2;0;0;0;0;0;0;0;0.66667;0.18519;0.14815
60;2;1;0;0;0.011765;0;0.035294;0.058824;0.011765;0.54118;0.34118
60;2;2;0;0;0.075881;0;0.00271;0.12195;0;0.01355;0.78591
61;0;0;1;0;0;0;0;0;0;0;0
61;0;1;0;0.875;0.125;0;0;0;0;0;0
61;0;2;0;0.0022173;0.98226;0;0;0.013304;0;0;0.0022173
61;1;0;0;0;0;0;0;0;0;0;0
61;1;1;0;0.011364;0;0;0.84091;0.13636;0;0;0.011364
61;1;2;0;0.0017483;0.02972;0;0.012238;0.94056;0;0;0.015734
61;2;0;0;0;0;0;0;0;0.84211;0.15789;0
61;2;1;0;0;0;0;0.033333;0.033333;0;0.8;0.13333
61;2;2;0;0;0.016807;0;0.0028011;0.033613;0.0028011;0.011204;0.93277
62;0;0;1;0;0;0;0;0;0;0;0
62;0;1;0;0.88889;0.055556;0;0;0.055556;0;0;0
62;0;2;0;0.0043908;0.97805;0;0;0.017563;0;0;0
62;1;0;0;0;0;0;0;0;0;0;0
62;1;1;0;0.011905;0;0;0.90476;0.071429;0;0.011905;0
62;1;2;0;0;0.057292;0;0.0069444;0.90625;0;0;0.029514
62;2;0;0;0;0;0;0;0;1;0;0
62;2;1;0;0;0;0;0;0;0;0.85455;0.14545
62;2;2;0;0;0.022663;0;0;0.048159;0;0.011331;0.91785
63;0;0;1;0;0;0;0;0;0;0;0
63;0;1;0;0.71429;0.28571;0;0;0;0;0;0
63;0;2;0.0010718;0.0042872;0.97106;0;0;0.019293;0;0;0.0042872
63;1;0;0;0;0;0;0;0;0;0;0
63;1;1;0;0;0.0125;0;0.8875;0.1;0;0;0
63;1;2;0;0;0.065836;0;0.0035587;0.90569;0;0;0.024911
63;2;0;0;0;0;0;0;0;0.88235;0.11765;0
63;2;1;0;0;0.019231;0;0.057692;0.019231;0;0.65385;0.25
63;2;2;0;0;0.025788;0;0;0.068768;0;0.0057307;0.89971
64;0;0;1;0;0;0;0;0;0;0;0
64;0;1;0;0.84211;0.15789;0;0;0;0;0;0
64;0;2;0;0.0052083;0.97292;0;0;0.01875;0;0;0.003125
64;1;0;0;0;0;0;0;0;0;0;0
64;1;1;0;0.013158;0;0;0.90789;0.026316;0;0.013158;0.039474
64;1;2;0;0;0.035714;0;0.0089286;0.92321;0;0.0017857;0.030357
64;2;0;0;0;0;0;0;0;0.8;0.2;0
64;2;1;0;0;0;0;0.052632;0;0;0.84211;0.10526
64;2;2;0;0;0.023188;0;0;0.069565;0.0028986;0.014493;0.88986
65;0;0;1;0;0;0;0;0;0;0;0
65;0;1;0;0.81818;0.13636;0;0;0.045455;0;0;0
65;0;2;0;0.0031088;0.97617;0;0;0.019689;0;0;0.0010363
65;1;0;0;0;0;0;0;0;0;0;0
65;1;1;0;0;0.039474;0;0.88158;0.065789;0;0;0.013158
65;1;2;0;0;0.064171;0;0.0089127;0.90374;0;0;0.023173
65;2;0;0;0;0;0;0;0;0.76923;0.15385;0.076923
65;2;1;0;0;0;0;0.02381;0.047619;0.047619;0.71429;0.16667
65;2;2;0;0;0.01497;0;0.005988;0.083832;0;0.026946;0.86826
66;0;0;1;0;0;0;0;0;0;0;0
66;0;1;0.047619;0.66667;0.2381;0;0.047619;0;0;0;0
66;0;2;0;0.0050556;0.96259;0;0;0.030334;0;0;0.0020222
66;1;0;0;0;0;0;0;0;0;0;0
66;1;1;0;0;0.013333;0;0.82667;0.13333;0.013333;0;0.013333
66;1;2;0;0.0017794;0.080071;0;0.014235;0.8452;0.0017794;0.0017794;0.05516
66;2;0;0;0;0;0;0;0;0.58333;0.41667;0
66;2;1;0;0;0.04878;0;0.04878;0.02439;0;0.63415;0.2439
66;2;2;0;0;0.025559;0;0.0063898;0.057508;0;0.0031949;0.90735
67;0;0;1;0;0;0;0;0;0;0;0
67;0;1;0.05;0.55;0.25;0;0.05;0.1;0;0;0
67;0;2;0;0.00098717;0.9694;0;0;0.023692;0;0;0.005923
67;1;0;0;0;0;0;0;0;0;0;0
67;1;1;0;0;0.013333;0;0.88;0.08;0;0.026667;0
67;1;2;0;0.0018727;0.076779;0;0.011236;0.88202;0;0;0.02809
67;2;0;0;0;0;0;0;0;0.77778;0.22222;0
67;2;1;0;0;0;0;0.090909;0;0;0.81818;0.090909
67;2;2;0;0;0.0030488;0;0;0.04878;0.0060976;0.018293;0.92378
68;0;0;1;0;0;0;0;0;0;0;0
68;0;1;0;0.76923;0.23077;0;0;0;0;0;0
68;0;2;0;0.00097087;0.96796;0;0.00097087;0.023301;0;0;0.0067961
68;1;0;0;0;0;0;0;0;0;0;0
68;1;1;0;0;0.013158;0;0.85526;0.092105;0;0.039474;0
68;1;2;0;0;0.040462;0;0.011561;0.90944;0;0.0019268;0.036609
68;2;0;0;0;0;0;0;0;0.66667;0.33333;0
68;2;1;0;0;0.027027;0;0;0.027027;0.027027;0.72973;0.18919
68;2;2;0;0;0.021407;0;0;0.036697;0;0.012232;0.92966
69;0;0;0.8;0.2;0;0;0;0;0;0;0
69;0;1;0;0.72727;0;0.090909;0;0.090909;0;0;0.090909
69;0;2;0.00097087;0.00097087;0.96311;0;0;0.031068;0;0;0.0038835
69;1;0;0;0;0;0;0;0;0;0;0
69;1;1;0;0;0;0.013889;0.83333;0.125;0;0.013889;0.013889
69;1;2;0;0.001938;0.056202;0;0.0096899;0.9031;0;0;0.02907
69;2;0;0;0;0;0;0;0;0.85714;0;0.14286
69;2;1;0;0;0;0;0;0.052632;0.026316;0.81579;0.10526
69;2;2;0;0;0.014837;0;0.0029674;0.035608;0.0029674;0.014837;0.92878
70;0;0;1;0;0;0;0;0;0;0;0
70;0;1;0;0.81818;0.18182;0;0;0;0;0;0
70;0;2;0;0.0048733;0.96199;0;0;0.026316;0;0.00097466;0.005848
70;1;0;0;0;0;0.5;0.5;0;0;0;0
70;1;1;0;0.015152;0;0;0.83333;0.13636;0;0.015152;0
70;1;2;0;0;0.051724;0;0.0057471;0.90805;0;0.0019157;0.032567
70;2;0;0;0;0;0;0;0;0.625;0.375;0
70;2;1;0;0;0;0;0;0;0.027027;0.89189;0.081081
70;2;2;0;0;0.011799;0;0;0.020649;0;0.0088496;0.9587
71;0;0;1;0;0;0;0;0;0;0;0
71;0;1;0;0.8;0.2;0;0;0;0;0;0
71;0;2;0;0.00098039;0.95784;0;0;0.033333;0;0.00098039;0.0068627
71;1;0;0;0;0;1;0;0;0;0;0
71;1;1;0;0;0.033898;0;0.89831;0.050847;0;0;0.016949
71;1;2;0;0;0.056093;0;0.0077369;0.89942;0;0;0.03675
71;2;0;0;0;0;0;0;0;0.66667;0.33333;0
71;2;1;0;0;0;0;0.02381;0.047619;0;0.83333;0.095238
71;2;2;0;0;0.011396;0;0.002849;0.05698;0;0.014245;0.91453
72;0;0;0.8;0.2;0;0;0;0;0;0;0
72;0;1;0;0.53846;0.30769;0;0.076923;0.076923;0;0;0
72;0;2;0;0.0049261;0.93892;0;0;0.042365;0;0;0.013793
72;1;0;0;0;0;0;0;0;0;0;1
72;1;1;0;0.016949;0;0;0.77966;0.10169;0;0.050847;0.050847
72;1;2;0;0;0.062977;0;0.01145;0.86641;0;0.0019084;0.057252
72;2;0;0;0;0;0;0;0;0.5;0.25;0.25
72;2;1;0;0;0;0;0;0;0.046512;0.60465;0.34884
72;2;2;0;0;0.022727;0;0.0028409;0.059659;0;0.017045;0.89773
73;0;0;1;0;0;0;0;0;0;0;0
73;0;1;0;0.92857;0.071429;0;0;0;0;0;0
73;0;2;0;0.003006;0.9509;0;0.001002;0.038076;0;0;0.007014
73;1;0;0;0;0;0;0;0;0;0;0
73;1;1;0;0.018519;0;0;0.81481;0.11111;0;0.055556;0
73;1;2;0;0.0038095;0.038095;0;0.0095238;0.89333;0;0.0019048;0.053333
73;2;0;0;0;0;0;0;0;0.75;0.25;0
73;2;1;0;0;0;0;0.054054;0.027027;0;0.75676;0.16216
73;2;2;0;0;0.0026316;0;0;0.021053;0;0.013158;0.96316
74;0;0;0.75;0;0.25;0;0;0;0;0;0
74;0;1;0;0.84211;0.15789;0;0;0;0;0;0
74;0;2;0;0.0010299;0.95263;0;0.0010299;0.039135;0;0.0010299;0.0051493
74;1;0;0;0;0;0;0;0;0;0;0
74;1;1;0;0;0;0;0.86538;0.096154;0;0.038462;0
74;1;2;0;0;0.05364;0;0.0095785;0.89847;0;0;0.038314
74;2;0;0;0;0;0;0;0;0.66667;0.33333;0
74;2;1;0;0;0;0;0;0.026316;0.052632;0.76316;0.15789
74;2;2;0;0;0.004914;0;0.002457;0.029484;0.002457;0.012285;0.9484
75;0;0;1;0;0;0;0;0;0;0;0
75;0;1;0;0.88235;0.058824;0;0;0.058824;0;0;0
75;0;2;0;0;0.94369;0;0.0020855;0.044838;0;0;0.0093848
75;1;0;0;0;0;0;0;0;0;0;0
75;1;1;0;0;0;0;0.80769;0.11538;0;0.038462;0.038462
75;1;2;0;0;0.045714;0;0.007619;0.90476;0;0;0.041905
75;2;0;0;0;0;0;0;0;1;0;0
75;2;1;0;0;0;0;0;0.026316;0;0.73684;0.23684
75;2;2;0;0;0.014388;0;0.0023981;0.040767;0;0.01199;0.93046
76;0;0;1;0;0;0;0;0;0;0;0
76;0;1;0;0.93333;0.066667;0;0;0;0;0;0
76;0;2;0.0010684;0.0010684;0.95406;0;0;0.036325;0;0;0.0074786
76;1;0;0;0;0;0;0;0;0;0;0
76;1;1;0;0;0.020408;0;0.91837;0.040816;0;0;0.020408
76;1;2;0;0;0.046041;0;0.0055249;0.90608;0;0.0018416;0.040516
76;2;0;0;0;0;0;0;0;0.6;0.2;0.2
76;2;1;0;0;0;0;0.028571;0.028571;0.028571;0.8;0.11429
76;2;2;0;0;0.016279;0;0.0023256;0.048837;0;0.02093;0.91163
77;0;0;1;0;0;0;0;0;0;0;0
77;0;1;0;0.93333;0.066667;0;0;0;0;0;0
77;0;2;0;0.0021575;0.9698;0;0.0010787;0.022654;0;0;0.004315
77;1;0;0;0;0;0;0;0;0;0;0
77;1;1;0;0.02;0;0.02;0.88;0.08;0;0;0
77;1;2;0;0;0.050909;0;0.0090909;0.91091;0;0;0.029091
77;2;0;0;0;0;0;0;0;1;0;0
77;2;1;0;0;0;0;0.025641;0;0.025641;0.76923;0.17949
77;2;2;0;0;0.01171;0;0.0023419;0.035129;0;0.014052;0.93677
78;0;0;0.5;0;0.5;0;0;0;0;0;0
78;0;1;0;0.52941;0.29412;0;0.11765;0.058824;0;0;0
78;0;2;0;0.0021436;0.91533;0;0.0010718;0.072883;0;0;0.0085745
78;1;0;0;0;0;1;0;0;0;0;0
78;1;1;0;0.019231;0.038462;0;0.69231;0.23077;0;0;0.019231
78;1;2;0;0.0018484;0.086876;0;0.011091;0.83919;0;0.0018484;0.05915
78;2;0;0;0;0;0;0;0;0.8;0.2;0
78;2;1;0;0;0;0;0.027778;0.055556;0.027778;0.5;0.38889
78;2;2;0;0;0.030445;0;0.0046838;0.067916;0.0023419;0.046838;0.84778
79;0;0;1;0;0;0;0;0;0;0;0
79;0;1;0;0.84615;0.076923;0;0.076923;0;0;0;0
79;0;2;0;0.0010834;0.96533;0;0.0010834;0.026002;0;0;0.0065005
79;1;0;0;0;0;0;1;0;0;0;0
79;1;1;0;0;0;0;0.91667;0.083333;0;0;0
79;1;2;0;0;0.042403;0;0.0088339;0.9258;0;0.0017668;0.021201
79;2;0;0;0;0;0;0;0;0.83333;0;0.16667
79;2;1;0;0;0;0;0.05;0;0.05;0.85;0.05
79;2;2;0;0;0.0095923;0;0.0023981;0.021583;0;0.016787;0.94964
80;0;0;1;0;0;0;0;0;0;0;0
80;0;1;0.083333;0.75;0.083333;0;0.083333;0;0;0;0
80;0;2;0;0.0021739;0.96957;0;0.001087;0.023913;0;0;0.0032609
80;1;0;0;0;0;0;0;0;0;0;0
80;1;1;0;0;0.018182;0;0.89091;0.090909;0;0;0
80;1;2;0;0;0.039216;0;0.02139;0.91266;0;0.0017825;0.024955
80;2;0;0;0;0;0;0;0.14286;0.85714;0;0
80;2;1;0;0;0;0;0.02381;0;0.047619;0.80952;0.11905
80;2;2;0;0;0.0095923;0;0;0.038369;0.0047962;0.026379;0.92086
81;0;0;0.66667;0.33333;0;0;0;0;0;0;0
81;0;1;0;1;0;0;0;0;0;0;0
81;0;2;0;0.0043478;0.95435;0;0;0.038043;0;0;0.0032609
81;1;0;0;0;0;0;0;0;0;0;0
81;1;1;0;0.015625;0.015625;0;0.84375;0.10938;0;0.015625;0
81;1;2;0;0;0.059353;0;0.016187;0.88849;0;0;0.035971
81;2;0;0;0;0;0;0.1;0;0.7;0.2;0
81;2;1;0;0;0;0;0;0.021739;0.065217;0.82609;0.086957
81;2;2;0;0;0.03202;0;0;0.044335;0.0024631;0.029557;0.89163
82;0;0;0.5;0;0.5;0;0;0;0;0;0
82;0;1;0.11765;0.64706;0.17647;0;0.058824;0;0;0;0
82;0;2;0;0.0032432;0.96216;0;0.0021622;0.029189;0;0;0.0032432
82;1;0;0;0;0;0;0;0;0;0;0
82;1;1;0;0;0.015625;0;0.90625;0.0625;0;0.015625;0
82;1;2;0;0;0.061261;0;0.016216;0.8991;0;0.0018018;0.021622
82;2;0;0;0;0;0;0;0;0.81818;0.18182;0
82;2;1;0;0;0;0;0.037736;0;0.075472;0.81132;0.075472
82;2;2;0;0;0.0025707;0;0.0025707;0.043702;0.0025707;0.028278;0.92031
83;0;0;1;0;0;0;0;0;0;0;0
83;0;1;0.071429;0.71429;0.14286;0;0;0.071429;0;0;0
83;0;2;0;0.0010753;0.96129;0;0.0010753;0.031183;0;0;0.0053763
83;1;0;0;0;0;0;0;0;0;0;0
83;1;1;0;0;0.041096;0;0.75342;0.16438;0.027397;0;0.013699
83;1;2;0;0;0.051188;0;0.0091408;0.9287;0;0.0018282;0.0091408
83;2;0;0;0;0;0;0;0;0.78571;0.21429;0
83;2;1;0;0;0;0;0;0.034483;0.068966;0.81034;0.086207
83;2;2;0;0;0.029178;0;0.0026525;0.047745;0.0079576;0.04244;0.87003
84;0;0;0.5;0.25;0.25;0;0;0;0;0;0
84;0;1;0;0.54545;0.36364;0;0;0.090909;0;0;0
84;0;2;0;0.0021322;0.95309;0;0.0010661;0.041578;0;0;0.0021322
84;1;0;0;0;0;0;0;0;0;0;0
84;1;1;0;0;0.032258;0;0.83871;0.064516;0;0.032258;0.032258
84;1;2;0;0;0.05614;0;0.0017544;0.91228;0;0;0.029825
84;2;0;0;0;0.05;0;0;0;0.7;0.2;0.05
84;2;1;0;0;0;0;0.044776;0.014925;0.059701;0.73134;0.14925
84;2;2;0;0;0.023256;0;0.005814;0.072674;0;0.040698;0.85756
85;0;0;0.5;0.5;0;0;0;0;0;0;0
85;0;1;0;0.88889;0.11111;0;0;0;0;0;0
85;0;2;0.0021231;0.0031847;0.96497;0;0.0010616;0.022293;0;0.0010616;0.0053079
85;1;0;0;0;0;0;0;0;0;0;0
85;1;1;0;0;0.033898;0;0.86441;0.067797;0;0.033898;0
85;1;2;0;0;0.038983;0;0.0033898;0.93898;0;0;0.018644
85;2;0;0;0;0;0;0.055556;0;0.77778;0.16667;0
85;2;1;0;0;0;0;0.014493;0.014493;0.14493;0.73913;0.086957
85;2;2;0;0;0.015291;0;0.0030581;0.06422;0;0.027523;0.88991
86;0;0;1;0;0;0;0;0;0;0;0
86;0;1;0;0.75;0.25;0;0;0;0;0;0
86;0;2;0.0010638;0.0021277;0.95638;0;0.0021277;0.03617;0;0;0.0021277
86;1;0;0;0;0;0;0;0;0;0;0
86;1;1;0;0.017544;0.052632;0;0.80702;0.10526;0;0.017544;0
86;1;2;0;0.0016639;0.039933;0;0.014975;0.90349;0;0;0.039933
86;2;0;0;0;0;0;0;0;0.83333;0.125;0.041667
86;2;1;0;0;0;0;0.060606;0.015152;0.015152;0.81818;0.090909
86;2;2;0;0;0.01278;0;0;0.038339;0.0031949;0.022364;0.92332
87;0;0;0.75;0;0.25;0;0;0;0;0;0
87;0;1;0;0.92308;0.076923;0;0;0;0;0;0
87;0;2;0;0.0021436;0.96249;0;0.0021436;0.025723;0;0.0021436;0.0053591
87;1;0;0;0;0;0;0;0;0;0;0
87;1;1;0;0;0;0;0.83607;0.098361;0;0.065574;0
87;1;2;0;0;0.052013;0;0.0067114;0.91275;0;0;0.028523
87;2;0;0;0;0.045455;0;0;0;0.68182;0.13636;0.13636
87;2;1;0;0;0;0;0.030769;0.030769;0.046154;0.76923;0.12308
87;2;2;0;0;0.02795;0;0;0.07764;0;0.02795;0.86646
88;0;0;1;0;0;0;0;0;0;0;0
88;0;1;0;0.85714;0.14286;0;0;0;0;0;0
88;0;2;0;0.0021254;0.96281;0;0.0010627;0.031881;0;0;0.0021254
88;1;0;0;0;0;0;0;0;0;0;0
88;1;1;0;0;0.033898;0;0.86441;0.067797;0;0.016949;0.016949
88;1;2;0;0;0.049917;0;0.021631;0.90682;0;0.0033278;0.018303
88;2;0;0;0;0.055556;0;0;0;0.83333;0;0.11111
88;2;1;0;0;0;0;0.029412;0.014706;0.029412;0.80882;0.11765
88;2;2;0;0;0.012821;0;0;0.057692;0;0.032051;0.89744
89;0;0;0.66667;0;0.33333;0;0;0;0;0;0
89;0;1;0;1;0;0;0;0;0;0;0
89;0;2;0.0010582;0.0010582;0.96402;0;0;0.028571;0;0;0.005291
89;1;0;0;0;0;0;0;0;0;0;0
89;1;1;0;0;0.029851;0;0.76119;0.14925;0.014925;0.014925;0.029851
89;1;2;0;0;0.080268;0;0.01505;0.87124;0;0.0016722;0.031773
89;2;0;0;0;0;0;0;0;0.88235;0.11765;0
89;2;1;0;0;0.014706;0;0.044118;0.029412;0.073529;0.70588;0.13235
89;2;2;0;0;0.016447;0;0.0032895;0.0625;0.0032895;0.023026;0.89145
90;0;0;1;0;0;0;0;0;0;0;0
90;0;1;0;0.8;0.2;0;0;0;0;0;0
90;0;2;0.0010331;0.0072314;0.94318;0;0.0020661;0.038223;0;0;0.0082645
90;1;0;0;0;0;0;0;0;0;0;0
90;1;1;0;0;0.0625;0.015625;0.65625;0.21875;0;0;0.046875
90;1;2;0;0.0017271;0.098446;0;0.018998;0.84283;0;0;0.037997
90;2;0;0;0;0;0;0.090909;0;0.59091;0.31818;0
90;2;1;0;0;0.016949;0;0;0.033898;0.033898;0.76271;0.15254
90;2;2;0;0;0.0065359;0;0;0.055556;0.003268;0.039216;0.89542
91;0;0;1;0;0;0;0;0;0;0;0
91;0;1;0;0.8;0.2;0;0;0;0;0;0
91;0;2;0.0010204;0.0030612;0.9551;0;0.0010204;0.035714;0;0;0.0040816
91;1;0;0;0;0;1;0;0;0;0;0
91;1;1;0;0;0.017544;0;0.92982;0.052632;0;0;0
91;1;2;0;0;0.035842;0;0.016129;0.91577;0;0.0017921;0.030466
91;2;0;0;0;0;0;0;0;0.75;0.1875;0.0625
91;2;1;0;0;0;0;0;0;0.015625;0.90625;0.078125
91;2;2;0;0;0.012658;0;0.0031646;0.037975;0.0063291;0.018987;0.92089
92;0;0;1;0;0;0;0;0;0;0;0
92;0;1;0;0.89474;0.10526;0;0;0;0;0;0
92;0;2;0;0.0051813;0.95233;0;0.0031088;0.030052;0;0;0.0093264
92;1;0;0;0;0;1;0;0;0;0;0
92;1;1;0;0;0.015625;0;0.875;0.09375;0;0.015625;0
92;1;2;0;0;0.030303;0;0.012478;0.89305;0;0.0017825;0.062389
92;2;0;0;0;0;0;0.066667;0;0.73333;0.2;0
92;2;1;0;0;0;0;0;0.029412;0.058824;0.80882;0.10294
92;2;2;0;0;0.0031447;0;0;0.056604;0;0.022013;0.91824
93;0;0;0.8;0.2;0;0;0;0;0;0;0
93;0;1;0;0.77273;0.18182;0;0.045455;0;0;0;0
93;0;2;0;0.0031915;0.9266;0;0.0021277;0.061702;0;0;0.006383
93;1;0;0;0;0;1;0;0;0;0;0
93;1;1;0;0;0.014925;0;0.8209;0.1194;0;0.029851;0.014925
93;1;2;0;0;0.032374;0;0.0053957;0.89748;0;0.0017986;0.06295
93;2;0;0;0;0;0;0;0;0.86667;0.13333;0
93;2;1;0;0;0;0;0;0;0.014925;0.83582;0.14925
93;2;2;0;0;0.0058309;0;0;0.029155;0.0029155;0.023324;0.93878
94;0;0;0.75;0;0.25;0;0;0;0;0;0
94;0;1;0;0.71429;0.2381;0;0.047619;0;0;0;0
94;0;2;0.0022321;0.0044643;0.91406;0;0.0044643;0.064732;0;0;0.010045
94;1;0;0;0;0;1;0;0;0;0;0
94;1;1;0;0;0.032787;0;0.77049;0.16393;0;0.032787;0
94;1;2;0;0.0017391;0.012174;0;0.017391;0.91478;0;0.0017391;0.052174
94;2;0;0;0;0;0;0;0;0.86667;0.13333;0
94;2;1;0;0;0;0;0;0;0.043478;0.89855;0.057971
94;2;2;0;0;0.0053476;0;0.0026738;0.034759;0;0.02139;0.93583
95;0;0;1;0;0;0;0;0;0;0;0
95;0;1;0;0.8;0.15;0;0;0;0;0;0.05
95;0;2;0;0.0023923;0.94498;0;0.0011962;0.045455;0;0;0.0059809
95;1;0;0;0;0;0;1;0;0;0;0
95;1;1;0;0.015873;0.031746;0;0.66667;0.22222;0;0.063492;0
95;1;2;0;0.0016474;0.037891;0;0.011532;0.89456;0;0.0016474;0.052718
95;2;0;0;0;0.0625;0;0.0625;0;0.6875;0.1875;0
95;2;1;0;0;0;0;0;0.04;0.013333;0.86667;0.08
95;2;2;0;0;0.0076336;0;0;0.035623;0.0025445;0.017812;0.93639
96;0;0;0.4;0;0.6;0;0;0;0;0;0
96;0;1;0;0.5;0.3;0;0.05;0.1;0;0;0.05
96;0;2;0;0.0036496;0.90268;0;0;0.077859;0;0.0012165;0.014599
96;1;0;0;0;0;0;0;0;0;0;0
96;1;1;0;0;0;0;0.53846;0.40385;0;0;0.057692
96;1;2;0;0;0.071895;0;0.021242;0.79085;0;0.0098039;0.10621
96;2;0;0;0;0;0;0;0;0.30769;0.38462;0.30769
96;2;1;0;0;0;0;0.05;0.025;0.075;0.5;0.35
96;2;2;0;0;0.029126;0;0;0.041262;0.0048544;0.041262;0.8835
97;0;0;1;0;0;0;0;0;0;0;0
97;0;1;0;1;0;0;0;0;0;0;0
97;0;2;0;0.0037175;0.9368;0;0.0012392;0.045849;0.0024783;0.0012392;0.0086741
97;1;0;0;0;0;0;0;0;0;0;0
97;1;1;0;0;0;0;0.78261;0.13043;0;0.043478;0.043478
97;1;2;0;0;0.020339;0;0.0050847;0.92373;0;0;0.050847
97;2;0;0;0;0;0;0;0;0.66667;0.33333;0
97;2;1;0;0;0;0;0;0;0.057971;0.76812;0.17391
97;2;2;0;0;0.0020964;0;0;0.025157;0;0.031447;0.9413
98;0;0;1;0;0;0;0;0;0;0;0
98;0;1;0;0.9375;0.0625;0;0;0;0;0;0
98;0;2;0;0;0.94278;0;0;0.049415;0;0.0013004;0.006502
98;1;0;0;0;0;0;0;0;0;0;0
98;1;1;0;0;0;0;0.875;0.075;0;0.05;0
98;1;2;0;0;0.028333;0;0.013333;0.90833;0;0.0016667;0.048333
98;2;0;0;0;0;0;0;0;0.92857;0;0.071429
98;2;1;0;0;0;0;0.013333;0;0.026667;0.78667;0.17333
98;2;2;0;0;0.006;0;0;0.026;0;0.02;0.948
99;0;0;1;0;0;0;0;0;0;0;0
99;0;1;0;0.86667;0.066667;0;0.066667;0;0;0;0
99;0;2;0;0;0.91019;0;0;0.076408;0.0013405;0;0.012064
99;1;0;0;0;0;0;0;0;0;0;0
99;1;1;0;0;0;0;0.77273;0.18182;0;0.045455;0
99;1;2;0;0;0.021703;0;0.010017;0.89649;0;0;0.071786
99;2;0;0;0;0;0;0;0;0.66667;0.13333;0.2
99;2;1;0;0;0;0;0.013699;0.013699;0;0.82192;0.15068
99;2;2;0;0;0.01341;0;0.0019157;0.038314;0;0.017241;0.92912
100;0;0;1;0;0;0;0;0;0;0;0
100;0;1;0.076923;0.92308;0;0;0;0;0;0;0
100;0;2;0;0.0014286;0.93;0;0;0.058571;0;0;0.01
100;1;0;0;0;0;0;0;0;0;0;0
100;1;1;0;0;0;0;0.83721;0.13953;0;0.023256;0
100;1;2;0;0;0.017657;0;0.011236;0.91172;0;0.0080257;0.051364
100;2;0;0;0;0;0;0;0;0.72727;0.27273;0
100;2;1;0;0;0;0;0;0.013699;0;0.90411;0.082192
100;2;2;0;0;0.0018149;0;0;0.032668;0;0.016334;0.94918
101;0;0;1;0;0;0;0;0;0;0;0
101;0;1;0;0.84615;0.15385;0;0;0;0;0;0
101;0;2;0.0015083;0.0045249;0.91855;0;0;0.054299;0.0015083;0;0.019608
101;1;0;0;0;0;0;0;0;0;0;0
101;1;1;0;0;0;0;0.76744;0.18605;0;0.023256;0.023256
101;1;2;0;0;0.028391;0;0.0063091;0.88486;0;0.0031546;0.077287
101;2;0;0;0;0;0;0;0;1;0;0
101;2;1;0;0;0;0;0;0.02381;0.035714;0.71429;0.22619
101;2;2;0;0;0.0035211;0;0;0.03169;0;0.019366;0.94542
102;0;0;0.5;0;0.5;0;0;0;0;0;0
102;0;1;0;0.64286;0.28571;0;0.071429;0;0;0;0
102;0;2;0;0.0063391;0.87797;0;0;0.095087;0;0.0031696;0.017433
102;1;0;0;0;0;0;0;0;0;0;0
102;1;1;0;0;0;0;0.67568;0.16216;0;0.10811;0.054054
102;1;2;0;0;0.0336;0;0.0128;0.8512;0.0016;0.0048;0.096
102;2;0;0;0;0;0;0;0;0.66667;0.25;0.083333
102;2;1;0;0;0.013514;0;0.054054;0;0.013514;0.63514;0.28378
102;2;2;0;0;0.0080775;0;0;0.03231;0;0.011309;0.9483
103;0;0;1;0;0;0;0;0;0;0;0
103;0;1;0;0.84615;0.076923;0;0.076923;0;0;0;0
103;0;2;0;0.0068143;0.88075;0;0;0.083475;0;0.0017036;0.027257
103;1;0;0;0;0;0;0;0;0;0;0
103;1;1;0;0.026316;0;0;0.68421;0.21053;0;0.052632;0.026316
103;1;2;0;0;0.017799;0;0.012945;0.88673;0;0.0016181;0.080906
103;2;0;0;0;0;0;0;0;0.9;0.1;0
103;2;1;0;0;0;0;0;0;0.045455;0.74242;0.21212
103;2;2;0;0;0.0014663;0;0.0014663;0.01173;0;0.017595;0.96774
104;0;0;1;0;0;0;0;0;0;0;0
104;0;1;0;0.8125;0.1875;0;0;0;0;0;0
104;0;2;0;0.0037736;0.87736;0;0.0037736;0.090566;0;0;0.024528
104;1;0;0;0;0;0;0;0;0;0;0
104;1;1;0;0;0;0.027778;0.77778;0.19444;0;0;0
104;1;2;0;0;0.019576;0;0.0065253;0.87276;0.0016313;0.004894;0.094617
104;2;0;0;0;0;0;0.083333;0;0.83333;0.083333;0
104;2;1;0;0;0;0;0.030303;0.015152;0.030303;0.80303;0.12121
104;2;2;0;0;0.0053981;0;0;0.016194;0;0.022942;0.95547
105;0;0;0;1;0;0;0;0;0;0;0
105;0;1;0;0.8;0.066667;0;0.066667;0;0;0;0.066667
105;0;2;0;0.0020661;0.86983;0;0.0061983;0.10744;0;0;0.014463
105;1;0;0;0;0;1;0;0;0;0;0
105;1;1;0;0.027027;0;0;0.83784;0.054054;0;0.054054;0.027027
105;1;2;0;0;0.028192;0;0.0082919;0.85406;0;0.0049751;0.10448
105;2;0;0;0;0;0;0;0;0.61538;0.38462;0
105;2;1;0;0;0;0;0;0.027027;0.054054;0.7027;0.21622
105;2;2;0;0;0.0038119;0;0;0.026684;0.0025413;0.012706;0.95426
106;0;0;0;0;0;0;0;0;0;0;0
106;0;1;0;0.875;0.125;0;0;0;0;0;0
106;0;2;0.0045249;0.0022624;0.88009;0;0.0022624;0.08371;0;0;0.027149
106;1;0;0;0;0;1;0;0;0;0;0
106;1;1;0;0;0;0;0.85;0.075;0;0.025;0.05
106;1;2;0;0;0.021959;0;0.0084459;0.88007;0;0.0016892;0.087838
106;2;0;0;0;0;0;0;0;0.64286;0.35714;0
106;2;1;0;0;0;0;0;0.013889;0.013889;0.80556;0.16667
106;2;2;0;0;0.0035757;0;0;0.022646;0.0011919;0.0095352;0.96305
107;0;0;0.5;0;0.5;0;0;0;0;0;0
107;0;1;0;0.73333;0.2;0;0;0.066667;0;0;0
107;0;2;0;0.002457;0.88206;0;0.009828;0.07371;0;0;0.031941
107;1;0;0;0;0;1;0;0;0;0;0
107;1;1;0;0.025;0.025;0;0.725;0.15;0;0.05;0.025
107;1;2;0;0;0.04475;0;0.0068847;0.83993;0.0017212;0.0017212;0.10499
107;2;0;0;0;0;0;0;0;0.81818;0.090909;0.090909
107;2;1;0;0;0.013699;0;0;0.041096;0;0.78082;0.16438
107;2;2;0;0;0.0022573;0;0.0022573;0.025959;0.003386;0.013544;0.9526
108;0;0;0;1;0;0;0;0;0;0;0
108;0;1;0.076923;0.46154;0.30769;0;0;0.15385;0;0;0
108;0;2;0;0.0050891;0.83969;0;0.0050891;0.11196;0;0;0.038168
108;1;0;0;0;0;1;0;0;0;0;0
108;1;1;0;0.025641;0.025641;0;0.53846;0.28205;0;0.10256;0.025641
108;1;2;0;0;0.045372;0.0018149;0.012704;0.78584;0;0.0072595;0.14701
108;2;0;0;0;0;0;0.076923;0.076923;0.30769;0.15385;0.38462
108;2;1;0;0;0.013699;0;0.013699;0.013699;0.013699;0.57534;0.36986
108;2;2;0;0;0.0053648;0;0;0.043991;0.001073;0.0085837;0.94099
109;0;0;1;0;0;0;0;0;0;0;0
109;0;1;0;0.8;0.2;0;0;0;0;0;0
109;0;2;0;0;0.84426;0;0.010929;0.11475;0;0.0027322;0.027322
109;1;0;0;0;0;0.5;0;0;0;0.5;0
109;1;1;0;0;0;0;0.78125;0.1875;0;0.03125;0
109;1;2;0;0;0.013133;0;0.0075047;0.86492;0;0.0037523;0.11069
109;2;0;0;0;0;0;0;0;0.66667;0.33333;0
109;2;1;0;0;0;0;0;0.016667;0;0.73333;0.25
109;2;2;0;0;0.0039761;0;0;0.017893;0;0.011928;0.9662
110;0;0;1;0;0;0;0;0;0;0;0
110;0;1;0;0.5;0.375;0;0.125;0;0;0;0
110;0;2;0;0.0031056;0.87578;0;0;0.086957;0.0031056;0;0.031056
110;1;0;0;0;0;1;0;0;0;0;0
110;1;1;0;0;0;0;0.87879;0.090909;0;0.030303;0
110;1;2;0;0;0.026515;0;0.0094697;0.86553;0;0;0.098485
110;2;0;0;0;0;0;0;0;0.75;0.25;0
110;2;1;0;0;0;0;0;0;0.015873;0.80952;0.1746
110;2;2;0;0;0.0047348;0;0.00094697;0.025568;0;0.0094697;0.95928
111;0;0;0;1;0;0;0;0;0;0;0
111;0;1;0;0.8;0.2;0;0;0;0;0;0
111;0;2;0;0;0.89803;0;0;0.082237;0;0;0.019737
111;1;0;0;0;0;1;0;0;0;0;0
111;1;1;0;0;0;0;0.75;0.16667;0;0.055556;0.027778
111;1;2;0;0;0.023301;0;0.0019417;0.86796;0;0.0038835;0.10291
111;2;0;0;0;0;0;0;0;0.8;0.2;0
111;2;1;0;0;0.031746;0;0;0;0.047619;0.7619;0.15873
111;2;2;0;0;0.01105;0;0;0.032228;0;0.019337;0.93738
112;0;0;0;0;0;0;0;0;0;0;0
112;0;1;0;0.6;0.4;0;0;0;0;0;0
112;0;2;0.01;0.016667;0.86;0;0;0.09;0;0;0.023333
112;1;0;0;0;0;1;0;0;0;0;0
112;1;1;0;0.035714;0;0;0.82143;0.035714;0.035714;0.071429;0
112;1;2;0;0;0.02729;0.0019493;0.0077973;0.88499;0;0.005848;0.072125
112;2;0;0;0;0.14286;0;0;0;0.85714;0;0
112;2;1;0;0;0;0;0.027027;0.013514;0;0.82432;0.13514
112;2;2;0;0;0.0055147;0;0.00091912;0.027574;0.00091912;0.015625;0.94945
113;0;0;1;0;0;0;0;0;0;0;0
113;0;1;0;0.88889;0;0;0;0;0;0;0.11111
113;0;2;0;0;0.93238;0;0;0.053381;0;0;0.014235
113;1;0;0;0;0;1;0;0;0;0;0
113;1;1;0;0;0.066667;0;0.76667;0.1;0;0.066667;0
113;1;2;0;0;0.042885;0;0.005848;0.88109;0;0;0.070175
113;2;0;0;0;0;0;0;0;0.75;0.25;0
113;2;1;0;0;0;0;0.012048;0;0.012048;0.83133;0.14458
113;2;2;0;0;0.0064397;0;0.00091996;0.030359;0.0018399;0.01012;0.95032
114;0;0;1;0;0;0;0;0;0;0;0
114;0;1;0;0.375;0.375;0;0.125;0.125;0;0;0
114;0;2;0;0.010239;0.84642;0;0;0.1058;0;0;0.037543
114;1;0;0;0;0;0;0.5;0;0;0.5;0
114;1;1;0;0.035714;0;0.071429;0.42857;0.32143;0;0.035714;0.10714
114;1;2;0;0;0.055666;0.0019881;0.015905;0.75348;0.0019881;0.0099404;0.16103
114;2;0;0;0;0.11111;0;0;0;0.33333;0.11111;0.44444
114;2;1;0;0;0.011905;0;0.011905;0.035714;0.071429;0.46429;0.40476
114;2;2;0;0;0.013812;0;0.00092081;0.048803;0.00092081;0.025783;0.90976
115;0;0;1;0;0;0;0;0;0;0;0
115;0;1;0;1;0;0;0;0;0;0;0
115;0;2;0;0;0.90878;0;0;0.067568;0;0.0033784;0.02027
115;1;0;0;0;0;0.66667;0.33333;0;0;0;0
115;1;1;0;0;0;0;0.875;0.083333;0;0;0.041667
115;1;2;0;0;0.021008;0;0.012605;0.89706;0;0;0.069328
115;2;0;0;0;0;0;0;0;0.81818;0.18182;0
115;2;1;0;0;0.013333;0;0.04;0.013333;0;0.81333;0.12
115;2;2;0;0;0.0035682;0;0;0.017841;0;0.012489;0.9661
116;0;0;0.66667;0.33333;0;0;0;0;0;0;0
116;0;1;0;1;0;0;0;0;0;0;0
116;0;2;0;0.0035211;0.92606;0;0.0035211;0.052817;0;0;0.014085
116;1;0;0;0;0;1;0;0;0;0;0
116;1;1;0;0;0.032258;0;0.80645;0.12903;0;0.032258;0
116;1;2;0;0;0.025532;0;0.0085106;0.90638;0;0.0042553;0.055319
116;2;0;0;0;0;0;0;0;0.88889;0;0.11111
116;2;1;0;0;0;0;0;0;0.012821;0.82051;0.16667
116;2;2;0;0;0.0061837;0;0;0.019435;0;0.018551;0.95583
117;0;0;0.5;0;0.5;0;0;0;0;0;0
117;0;1;0;0.88889;0.11111;0;0;0;0;0;0
117;0;2;0;0.0035336;0.93993;0;0;0.04947;0;0;0.0070671
117;1;0;0;0;0;0.5;0.5;0;0;0;0
117;1;1;0;0;0;0;0.73333;0.13333;0;0.066667;0.066667
117;1;2;0;0;0.012848;0;0.0085653;0.91435;0;0.0042827;0.059957
117;2;0;0;0;0;0;0;0;0.77778;0.11111;0.11111
117;2;1;0;0;0.011364;0;0;0.011364;0.034091;0.71591;0.22727
117;2;2;0;0;0.0062167;0;0.0017762;0.036412;0;0.010657;0.94494
118;0;0;1;0;0;0;0;0;0;0;0
118;0;1;0;0.77778;0.22222;0;0;0;0;0;0
118;0;2;0;0.0035461;0.93972;0;0;0.053191;0;0;0.0035461
118;1;0;0;0;0;0;1;0;0;0;0
118;1;1;0;0;0;0.034483;0.75862;0.13793;0;0.068966;0
118;1;2;0;0.0020534;0.0082136;0;0.0082136;0.93634;0;0;0.045175
118;2;0;0;0;0;0;0;0;0.7;0.1;0.2
118;2;1;0;0;0;0;0;0.025;0.0125;0.825;0.1375
118;2;2;0;0;0.0026858;0;0;0.016115;0.00089526;0.007162;0.97314
119;0;0;0;0;1;0;0;0;0;0;0
119;0;1;0;0.55556;0.33333;0;0.11111;0;0;0;0
119;0;2;0.0036496;0.0036496;0.94526;0;0.0036496;0.036496;0;0;0.0072993
119;1;0;0;0;0;1;0;0;0;0;0
119;1;1;0;0;0;0;0.85185;0.11111;0;0;0.037037
119;1;2;0;0;0.038384;0;0.0080808;0.90303;0.0020202;0;0.048485
119;2;0;0;0;0;0;0;0;0.77778;0.22222;0
119;2;1;0;0;0.012987;0;0.025974;0.012987;0.038961;0.84416;0.064935
119;2;2;0;0;0.0044524;0;0;0.023152;0;0.014248;0.95815
120;0;0;1;0;0;0;0;0;0;0;0
120;0;1;0;0.66667;0.16667;0;0.16667;0;0;0;0
120;0;2;0.0069444;0.0034722;0.89931;0;0;0.069444;0;0.0034722;0.017361
120;1;0;0;0;0;0;1;0;0;0;0
120;1;1;0;0.064516;0.032258;0;0.6129;0.19355;0;0.096774;0
120;1;2;0;0.0020534;0.039014;0;0.0082136;0.82957;0;0.0041068;0.11704
120;2;0;0;0;0;0;0;0.090909;0.72727;0.090909;0.090909
120;2;1;0;0;0;0;0;0;0.036145;0.75904;0.20482
120;2;2;0;0;0.0090253;0;0.00090253;0.030686;0;0.0099278;0.94946
121;0;0;0.33333;0;0.66667;0;0;0;0;0;0
121;0;1;0;0.625;0.25;0;0.125;0;0;0;0
121;0;2;0;0;0.93103;0;0;0.034483;0;0;0.034483
121;1;0;0;0;0;0;0;0;0;0;0
121;1;1;0;0;0;0;0.80769;0.038462;0;0.076923;0.076923
121;1;2;0;0;0.021505;0;0.0086022;0.92473;0;0;0.045161
121;2;0;0;0;0;0;0;0;0.90909;0.090909;0
121;2;1;0;0;0;0;0;0.012346;0.024691;0.88889;0.074074
121;2;2;0;0;0.0017668;0;0;0.0079505;0.00088339;0.0079505;0.98145
122;0;0;1;0;0;0;0;0;0;0;0
122;0;1;0;0.8;0.2;0;0;0;0;0;0
122;0;2;0;0.006993;0.93007;0;0;0.045455;0;0;0.017483
122;1;0;0;0;0;0;0;0;0;0;0
122;1;1;0;0;0;0;0.84615;0.15385;0;0;0
122;1;2;0;0;0.0066519;0;0.0044346;0.94013;0;0;0.04878
122;2;0;0;0;0;0;0;0;0.76923;0.23077;0
122;2;1;0;0;0.011905;0;0;0;0;0.90476;0.083333
122;2;2;0;0;0.0017391;0;0;0.0095652;0;0.02;0.9687
123;0;0;1;0;0;0;0;0;0;0;0
123;0;1;0;0.83333;0.16667;0;0;0;0;0;0
123;0;2;0;0;0.91575;0;0;0.058608;0;0;0.025641
123;1;0;0;0;0;0;0;0;0;0;0
123;1;1;0;0;0;0;0.95833;0.041667;0;0;0
123;1;2;0;0;0.015487;0;0.013274;0.90929;0;0;0.061947
123;2;0;0;0;0;0;0;0;0.9;0;0.1
123;2;1;0;0;0;0;0;0;0.039216;0.82353;0.13725
123;2;2;0;0.00087108;0.00087108;0;0;0.017422;0;0.011324;0.96951
124;0;0;1;0;0;0;0;0;0;0;0
124;0;1;0;0.83333;0.16667;0;0;0;0;0;0
124;0;2;0;0.003861;0.93822;0;0;0.042471;0;0;0.015444
124;1;0;0;0;0;0;0;0;0;0;0
124;1;1;0;0;0;0;0.89655;0.10345;0;0;0
124;1;2;0;0;0.017857;0;0.013393;0.92411;0;0;0.044643
124;2;0;0;0;0;0;0;0;0.84615;0.15385;0
124;2;1;0;0;0.010309;0;0;0;0.010309;0.85567;0.12371
124;2;2;0;0;0.00085985;0;0;0.0094583;0.00085985;0.020636;0.96819
125;0;0;1;0;0;0;0;0;0;0;0
125;0;1;0;1;0;0;0;0;0;0;0
125;0;2;0;0.003937;0.96063;0;0;0.023622;0;0;0.011811
125;1;0;0;0;0;0;0;0;0;0;0
125;1;1;0;0;0;0;0.90625;0.09375;0;0;0
125;1;2;0;0;0.0091116;0;0.022779;0.89066;0.0022779;0;0.075171
125;2;0;0;0;0;0;0;0;0.92308;0;0.076923
125;2;1;0;0;0;0;0.0091743;0;0.018349;0.85321;0.11927
125;2;2;0;0;0.00086059;0;0;0.019793;0.0017212;0.035284;0.94234
126;0;0;1;0;0;0;0;0;0;0;0
126;0;1;0;0.71429;0.14286;0;0;0;0;0;0.14286
126;0;2;0;0.0080321;0.88353;0;0;0.088353;0;0;0.02008
126;1;0;0;0;0;0;0;0;0;0;0
126;1;1;0;0;0;0;0.85;0.1;0;0.025;0.025
126;1;2;0;0;0.026005;0;0.016548;0.86288;0;0.0070922;0.08747
126;2;0;0;0;0;0;0;0;0.94118;0.058824;0
126;2;1;0;0;0;0;0;0.0074627;0.037313;0.86567;0.089552
126;2;2;0;0;0.0026201;0;0.0017467;0.017467;0.0034934;0.038428;0.93624
127;0;0;1;0;0;0;0;0;0;0;0
127;0;1;0;0.57143;0.28571;0;0.14286;0;0;0;0
127;0;2;0;0.0042553;0.91915;0;0.0042553;0.046809;0;0;0.025532
127;1;0;0;0;0;0;0;0;0;0;0
127;1;1;0;0;0;0;0.97674;0.023256;0;0;0
127;1;2;0;0;0.021845;0;0.026699;0.87864;0;0.0024272;0.070388
127;2;0;0;0;0;0;0;0;0.92;0.08;0
127;2;1;0;0;0;0;0;0;0.036364;0.93333;0.030303
127;2;2;0;0;0;0;0;0.0053191;0.0026596;0.023936;0.96809
128;0;0;1;0;0;0;0;0;0;0;0
128;0;1;0;0.8;0.2;0;0;0;0;0;0
128;0;2;0.0044053;0.0088106;0.91189;0;0.0044053;0.035242;0;0;0.035242
128;1;0;0;0;0;0;0;0;0;0;0
128;1;1;0;0;0;0.018182;0.92727;0.036364;0;0.018182;0
128;1;2;0;0;0.0052632;0;0.023684;0.88421;0;0.0026316;0.084211
128;2;0;0;0;0;0;0;0;0.96875;0.03125;0
128;2;1;0;0;0;0;0.0054348;0;0.070652;0.89674;0.027174
128;2;2;0;0;0.00088339;0;0;0.0079505;0.0017668;0.030919;0.95848
129;0;0;0.5;0;0.5;0;0;0;0;0;0
129;0;1;0;0.83333;0.16667;0;0;0;0;0;0
129;0;2;0;0.018957;0.90047;0;0.0047393;0.052133;0;0;0.023697
129;1;0;0;0;0;1;0;0;0;0;0
129;1;1;0;0;0;0.032258;0.85484;0.048387;0;0.064516;0
129;1;2;0;0;0.019718;0;0.025352;0.87042;0;0.011268;0.073239
129;2;0;0;0;0;0;0;0;0.95652;0.043478;0
129;2;1;0;0;0;0;0.0098522;0;0.054187;0.8867;0.049261
129;2;2;0;0;0.00088496;0;0.00088496;0.0088496;0.0070796;0.045133;0.93717
130;0;0;1;0;0;0;0;0;0;0;0
130;0;1;0;0.77778;0.22222;0;0;0;0;0;0
130;0;2;0;0.01;0.945;0;0;0.025;0.005;0;0.015
130;1;0;0;0;0;1;0;0;0;0;0
130;1;1;0;0;0;0;0.95455;0.015152;0;0.030303;0
130;1;2;0;0;0.009009;0;0.033033;0.89489;0;0;0.063063
130;2;0;0;0;0;0;0;0;0.98413;0.015873;0
130;2;1;0;0;0;0;0;0;0.087137;0.88382;0.029046
130;2;2;0;0;0;0;0;0.0090909;0.0054545;0.029091;0.95636
131;0;0;1;0;0;0;0;0;0;0;0
131;0;1;0;0.88889;0.11111;0;0;0;0;0;0
131;0;2;0;0.041237;0.90206;0;0.010309;0.025773;0;0;0.020619
131;1;0;0;0;0;1;0;0;0;0;0
131;1;1;0;0;0;0.027027;0.90541;0.013514;0;0.054054;0
131;1;2;0;0;0.0031847;0;0.076433;0.85669;0;0.0063694;0.057325
131;2;0;0;0;0;0;0;0;0.93333;0.055556;0.011111
131;2;1;0;0;0;0;0;0.0040323;0.17742;0.77016;0.048387
131;2;2;0;0;0;0;0.00092336;0.0046168;0.040628;0.081256;0.87258
132;0;0;1;0;0;0;0;0;0;0;0
132;0;1;0;0.75;0.0625;0;0.0625;0.125;0;0;0
132;0;2;0.011299;0.033898;0.81356;0.016949;0.011299;0.073446;0;0.0056497;0.033898
132;1;0;0;0;0;0.8;0.2;0;0;0;0
132;1;1;0;0.010638;0;0.06383;0.73404;0.085106;0.042553;0.053191;0.010638
132;1;2;0;0;0.014235;0.010676;0.064057;0.74377;0.0035587;0.017794;0.14591
132;2;0;0;0;0;0;0;0;0.9186;0.069767;0.011628
132;2;1;0;0;0;0;0.0068966;0;0.23793;0.68966;0.065517
132;2;2;0;0;0.0040816;0;0;0.012245;0.045918;0.16633;0.77143
133;0;0;1;0;0;0;0;0;0;0;0
133;0;1;0.052632;0.73684;0.21053;0;0;0;0;0;0
133;0;2;0;0.019608;0.90196;0;0;0.039216;0;0.0065359;0.03268
133;1;0;0;0;0;0.9375;0.0625;0;0;0;0
133;1;1;0;0;0;0.043011;0.92473;0.010753;0;0.021505;0
133;1;2;0;0.0040984;0;0;0.061475;0.84836;0;0.0081967;0.077869
133;2;0;0;0;0;0;0;0;0.97834;0.021661;0
133;2;1;0;0;0;0;0;0;0.10104;0.87824;0.020725
133;2;2;0;0;0;0;0;0.0084848;0.01697;0.060606;0.91394
134;0;0;1;0;0;0;0;0;0;0;0
134;0;1;0;0.83333;0.11111;0;0.055556;0;0;0;0
134;0;2;0;0.035211;0.88732;0;0.0070423;0.035211;0;0;0.035211
134;1;0;0;0;0;1;0;0;0;0;0
134;1;1;0;0;0;0.058824;0.87255;0.019608;0;0.04902;0
134;1;2;0;0;0;0;0.049774;0.86878;0.0045249;0.0045249;0.072398
134;2;0;0;0;0;0;0;0;0.99383;0.0030864;0.0030864
134;2;1;0;0;0;0;0.005;0;0.1575;0.8175;0.02
134;2;2;0;0;0;0;0.0012723;0.0063613;0.022901;0.083969;0.8855
135;0;0;1;0;0;0;0;0;0;0;0
135;0;1;0;0.8;0.15;0;0.05;0;0;0;0
135;0;2;0.0078125;0.015625;0.85938;0;0.015625;0.046875;0.0078125;0.0078125;0.039063
135;1;0;0;0;0;1;0;0;0;0;0
135;1;1;0;0;0;0.038095;0.89524;0.0095238;0;0.057143;0
135;1;2;0;0;0.004902;0;0.053922;0.83333;0;0.014706;0.093137
135;2;0;0;0;0;0;0;0;0.98267;0.017327;0
135;2;1;0;0;0;0;0;0;0.175;0.8125;0.0125
135;2;2;0;0;0.0013774;0;0.0013774;0.0027548;0.038567;0.13085;0.82507
136;0;0;1;0;0;0;0;0;0;0;0
136;0;1;0;0.88889;0.055556;0;0.055556;0;0;0;0
136;0;2;0.0086957;0.034783;0.90435;0;0.026087;0.026087;0;0;0
136;1;0;0;0;0;0.96552;0;0;0.034483;0;0
136;1;1;0;0;0;0.018349;0.93578;0.0091743;0;0.036697;0
136;1;2;0;0;0.0055866;0;0.083799;0.83799;0.0055866;0.0055866;0.061453
136;2;0;0;0;0;0;0;0;0.98387;0.014113;0.0020161
136;2;1;0;0;0;0;0.006865;0;0.19451;0.7849;0.01373
136;2;2;0;0;0;0;0;0.0063694;0.035032;0.1242;0.83439
137;0;0;0.83333;0;0;0.16667;0;0;0;0;0
137;0;1;0.15;0.7;0.05;0.1;0;0;0;0;0
137;0;2;0.009434;0.009434;0.88679;0;0.018868;0.04717;0;0;0.028302
137;1;0;0;0;0;0.93333;0.066667;0;0;0;0
137;1;1;0;0;0;0.056452;0.8871;0.0080645;0.016129;0.032258;0
137;1;2;0;0;0.0063291;0;0.10127;0.78481;0.0063291;0.0063291;0.094937
137;2;0;0;0;0;0;0;0;0.99162;0.0083752;0
137;2;1;0;0;0;0;0.0069284;0.0023095;0.18245;0.79446;0.013857
137;2;2;0;0;0;0;0.00369;0.0055351;0.04428;0.15314;0.79336
138;0;0;0.88889;0;0;0.11111;0;0;0;0;0
138;0;1;0.13333;0.6;0.066667;0;0.2;0;0;0;0
138;0;2;0;0.020833;0.85417;0.010417;0.041667;0.020833;0;0;0.052083
138;1;0;0;0;0;0.97368;0;0;0.026316;0;0
138;1;1;0;0;0;0.074074;0.82963;0.022222;0.022222;0.044444;0.0074074
138;1;2;0;0;0.014925;0;0.089552;0.78358;0;0.0074627;0.10448
138;2;0;0;0;0;0;0;0;0.98711;0.011461;0.0014327
138;2;1;0;0;0;0;0.0022883;0;0.28833;0.69108;0.018307
138;2;2;0;0;0;0;0.0022026;0.0044053;0.094714;0.20925;0.68943
139;0;0;0.9;0.1;0;0;0;0;0;0;0
139;0;1;0.090909;0.90909;0;0;0;0;0;0;0
139;0;2;0;0.011765;0.82353;0;0.047059;0.094118;0;0;0.023529
139;1;0;0;0;0;0.95918;0.020408;0;0.020408;0;0
139;1;1;0;0;0;0.015038;0.8797;0.0075188;0.030075;0.067669;0
139;1;2;0;0;0;0;0.098214;0.75;0.017857;0.0089286;0.125
139;2;0;0;0;0;0;0;0;0.99536;0.0034803;0.0011601
139;2;1;0;0;0;0;0.0072816;0;0.22816;0.75;0.014563
139;2;2;0;0;0.002924;0;0;0.005848;0.064327;0.16082;0.76608
140;0;0;0.9;0.1;0;0;0;0;0;0;0
140;0;1;0.16667;0.75;0;0.083333;0;0;0;0;0
140;0;2;0.014085;0.014085;0.88732;0;0;0.056338;0;0;0.028169
140;1;0;0;0;0;1;0;0;0;0;0
140;1;1;0;0.0073529;0;0.051471;0.86029;0.0073529;0.022059;0.051471;0
140;1;2;0;0;0;0.010526;0.12632;0.75789;0.010526;0.010526;0.084211
140;2;0;0;0;0;0;0;0;0.99185;0.0081549;0
140;2;1;0;0;0;0;0;0.0026525;0.2122;0.78249;0.0026525
140;2;2;0;0;0;0;0;0;0.059649;0.15789;0.78246
141;0;0;1;0;0;0;0;0;0;0;0
141;0;1;0;0.91667;0;0;0.083333;0;0;0;0
141;0;2;0.015873;0.031746;0.74603;0;0.031746;0.079365;0;0.015873;0.079365
141;1;0;0;0;0;0.98276;0.017241;0;0;0;0
141;1;1;0;0;0;0.069767;0.75194;0;0.023256;0.14729;0.0077519
141;1;2;0;0;0;0;0.15385;0.70513;0.012821;0.025641;0.10256
141;2;0;0;0;0;0;0;0;0.99255;0.0065177;0.0009311
141;2;1;0;0;0;0;0.002809;0;0.25843;0.73315;0.005618
141;2;2;0;0;0;0;0;0.0042735;0.10256;0.17949;0.71368
142;0;0;1;0;0;0;0;0;0;0;0
142;0;1;0;0.84615;0;0;0.15385;0;0;0;0
142;0;2;0;0.021277;0.80851;0;0.021277;0.06383;0;0;0.085106
142;1;0;0;0;0;1;0;0;0;0;0
142;1;1;0;0;0;0.096491;0.84211;0.017544;0;0.035088;0.0087719
142;1;2;0;0;0;0;0.13115;0.67213;0.016393;0.016393;0.16393
142;2;0;0;0;0;0;0;0;0.99241;0.0075885;0
142;2;1;0;0;0;0;0.0060241;0;0.21687;0.77711;0
142;2;2;0;0;0.0054348;0;0.0054348;0;0.059783;0.17935;0.75
143;0;0;0.92308;0;0.076923;0;0;0;0;0;0
143;0;1;0.083333;0.83333;0.083333;0;0;0;0;0;0
143;0;2;0.025641;0.025641;0.89744;0;0;0.025641;0;0;0.025641
143;1;0;0;0;0;0.97403;0.025974;0;0;0;0
143;1;1;0;0;0;0.054545;0.85455;0.0090909;0;0.072727;0.0090909
143;1;2;0;0;0;0;0.15217;0.78261;0;0.043478;0.021739
143;2;0;0;0;0;0;0;0;0.99048;0.0087232;0.00079302
143;2;1;0;0;0;0;0;0;0.25246;0.74426;0.0032787
143;2;2;0;0;0;0;0;0.0065359;0.098039;0.1634;0.73203
144;0;0;1;0;0;0;0;0;0;0;0
144;0;1;0.090909;0.54545;0.090909;0.090909;0.18182;0;0;0;0
144;0;2;0.027027;0.054054;0.81081;0;0.027027;0.054054;0;0;0.027027
144;1;0;0;0;0;0.98765;0;0;0.012346;0;0
144;1;1;0;0;0;0.067961;0.86408;0.0097087;0.0097087;0.048544;0
144;1;2;0;0;0;0;0.17949;0.64103;0.025641;0.051282;0.10256
144;2;0;0;0;0;0;0;0;0.99478;0.0037286;0.0014914
144;2;1;0;0;0;0;0.003663;0;0.35531;0.6337;0.007326
144;2;2;0;0;0;0;0;0;0.1453;0.23077;0.62393
